id,category,type,difficulty,prompt,keywords,length
1,소설,이야기 재구성,중급,"엘리자베스는 빙글빙글 춤추는 무도회장의 소란 속에서 다아시 씨를 처음 보았다. 그는 다른 이들과 달리 말수가 적었고, 오만한 표정으로 사람들을 살폈다. 그러나 엘리자베스의 눈길이 그에게 머무르는 순간, 알 수 없는 긴장감이 두 사람 사이에 흐르기 시작했다.",["오만과 편견","엘리자베스","다아시"],280
2,소설,이야기 재구성,어려움,"햄릿은 성벽 위에서 아버지의 유령과 마주했다. 밤공기는 싸늘했고, 유령은 자신이 클라우디우스에게 살해당했다고 속삭였다. 진실을 알게 된 햄릿은 복수를 결심했으나, 동시에 깊은 혼란과 절망에 빠졌다. 그는 무엇이 옳은 길인지 끝없이 자문하며 흔들렸다.",["햄릿","햄릿","클라우디우스"],420
3,소설,이야기 재구성,초급,"로미오와 줄리엣은 발코니 아래와 위에서 밤새 속삭였다. 서로의 이름조차 장애물이 되었지만, 그들은 운명처럼 서로에게 끌렸다. 새벽 종소리가 울리자, 헤어져야 하는 순간이 다가왔음을 깨달았다.",["로미오와 줄리엣","로미오","줄리엣"],250
4,소설,이야기 재구성,중급,"빅터 프랑켄슈타인은 번개가 치는 밤 실험실에서 생명 없는 육체를 바라보고 있었다. 순간 전류가 흐르자, 무거운 가슴이 들썩이며 괴물이 눈을 떴다. 그러나 빅터는 자신이 만든 존재를 두려움 속에 바라볼 수밖에 없었다.",["프랑켄슈타인","빅터 프랑켄슈타인","괴물"],360
5,소설,이야기 재구성,중급,"조나단 하커는 드라큘라 백작의 성문 앞에 도착했다. 달빛에 비친 고성은 으스스했고, 안으로 들어서자 백작은 정중한 미소와 차가운 눈빛으로 그를 맞이했다. 거울 없는 방에서 하커는 자신이 낯선 세계에 발을 들였음을 깨달았다.",["드라큘라","조나단 하커","드라큘라"],340
6,소설,이야기 재구성,어려움,"도리언 그레이는 막 완성된 자신의 초상화를 바라보았다. 그림 속의 젊고 아름다운 얼굴은 시간이 지나도 변하지 않기를 바라는 그의 소망을 자극했다. 순간 그의 입술에서 영원한 젊음을 원한다는 속삭임이 흘러나왔다.",["도리언 그레이의 초상","도리언 그레이"],300
7,소설,이야기 재구성,초급,"지킬 박사는 어두운 연구실에서 파란 액체를 조심스럽게 마셨다. 그의 몸은 경련하며 뒤틀렸고, 거울 속에는 전혀 다른 인물인 하이드가 서 있었다. 지킬은 자신이 만든 괴물을 감당할 수 없음을 깨달았다.",["지킬 박사와 하이드","지킬 박사","하이드"],310
8,소설,이야기 재구성,중급,"에이허브 선장은 갑판 위에서 바다를 응시하며 선원들에게 흰 고래 모비 딕을 반드시 잡겠다고 맹세했다. 그의 눈빛은 광기와 집착으로 가득 차 있었고, 선원들은 두려움과 존경 사이에서 흔들렸다.",["모비 딕","에이허브","이슈마엘"],380
9,소설,이야기 재구성,중급,"안개 자욱한 늪지대에서 핍은 쇠사슬에 묶인 죄수 마그위치를 만났다. 마그위치는 소년에게 먹을 것과 줄톱을 요구했고, 핍은 두려움 속에서도 그를 돕기로 했다. 이 작은 선택이 훗날 그의 인생을 뒤흔들게 된다.",["위대한 유산","핍","마그위치"],400
10,소설,이야기 재구성,초급,"제인 에어는 불타는 저택의 복도 속에서 로체스터를 구하기 위해 달려갔다. 연기와 불길이 치솟는 가운데 그녀는 사랑하는 이를 구하겠다는 의지로만 움직였다.",["제인 에어","제인","로체스터"],260
11,소설,이야기 재구성,어려움,"캐서린은 폭풍이 몰아치는 언덕 위 창문에서 히스클리프의 이름을 외쳤다. 바람은 그녀의 목소리를 앗아갔지만, 유령 같은 메아리로 되돌아왔다. 히스클리프는 영혼마저도 그녀를 갈망했다.",["폭풍의 언덕","히스클리프","캐서린"],450
12,소설,이야기 재구성,중급,"안개 낀 런던 거리, 셜록 홈즈는 발자국과 재의 흔적을 분석하며 사건의 실마리를 찾아냈다. 왓슨은 그의 번뜩이는 추리에 감탄하면서도 따라잡기 힘든 속도를 느꼈다.",["셜록 홈즈의 모험","셜록 홈즈","왓슨"],320
13,소설,이야기 재구성,중급,"황무지 위에서 사냥개의 울음소리가 메아리쳤다. 홈즈와 왓슨은 범인의 흔적을 쫓으며 전설로만 전해지던 공포와 마주했다.",["바스커빌가의 개","셜록 홈즈","왓슨"],300
14,소설,이야기 재구성,초급,"낡은 갑옷을 걸친 돈키호테는 거대한 풍차를 적이라 착각하고 돌격했다. 산초는 황급히 말렸으나 주인은 끝내 돌풍에 휘말려 땅에 나뒹굴었다.",["돈키호테","돈키호테","산초"],280
15,소설,이야기 재구성,중급,"어두운 감옥에서 에드몽 단테스는 동료 죄수 파리아 신부에게서 비밀의 지도를 전해 받았다. 그것은 훗날 그의 복수를 가능케 할 열쇠였다.",["몽테크리스토 백작","에드몽 단테스"],370
16,소설,이야기 재구성,어려움,"장 발장은 은촛대를 훔치고 붙잡혔으나, 미리엘 주교는 오히려 그것을 선물이라며 내어주었다. 자비의 손길은 장 발장의 삶을 송두리째 바꾸었다.",["레미제라블","장 발장","미리엘 주교"],500
17,소설,이야기 재구성,중급,"달타냥은 파리의 거리를 달리며 우연히 아토스, 포르토스, 아라미스를 만나 차례로 결투를 약속했다. 그러나 곧 그들은 친구이자 동료가 되었다.",["삼총사","달타냥","아토스"],350
18,소설,이야기 재구성,중급,"사교 살롱에서 피에르와 안드레이는 러시아의 장래와 전쟁에 대해 토론했다. 화려한 조명 속에서도 그들의 시선은 어두운 전장의 그림자를 담고 있었다.",["전쟁과 평화","피에르","안드레이"],400
19,소설,이야기 재구성,어려움,"역 플랫폼에서 눈이 내리는 순간, 안나는 브론스키를 보았다. 그들의 시선이 교차하자 불가피한 비극이 이미 시작되고 있었다.",["안나 카레니나","안나","브론스키"],420
20,소설,이야기 재구성,중급,"그레고르 잠자는 침대에서 깨어나 자신이 거대한 벌레로 변해 있음을 깨달았다. 가족의 목소리는 문 밖에서 들려왔으나 그는 몸을 움직일 수 없었다.",["변신","그레고르 잠자"],360
21,소설,이야기 재구성,중급,"시간 여행자는 거실에서 작은 기계를 작동시켰다. 레버가 내려가자 주변의 시계와 풍경이 빠른 속도로 변하기 시작했다.",["타임머신","시간 여행자"],300
22,소설,이야기 재구성,초급,"밤하늘을 가르며 불덩이가 들판에 떨어졌다. 사람들은 그것을 신의 징조라 생각했으나, 곧 그것이 화성인의 침공 신호임을 알게 되었다.",["우주 전쟁","작가","화성인"],320
23,소설,이야기 재구성,중급,"리덴브로크 교수와 액셀은 오래된 문서에서 지하로 향하는 암호를 발견했다. 그들의 모험은 지구 속 깊은 곳으로 향하고 있었다.",["지구 속 여행","리덴브로크","액셀"],350
24,소설,이야기 재구성,중급,"네모 선장은 아로낙스 교수에게 바다 밑 신비로운 세계를 보여주었다. 유리창 너머로 거대한 생물이 지나가며 그들의 숨을 멎게 했다.",["해저 2만리","네모 선장","아로낙스"],340
25,소설,이야기 재구성,초급,"톰 소여는 흰 울타리를 칠하는 일을 친구들에게 재미있는 놀이처럼 꾸며냈다. 결국 친구들이 일을 대신해주며 그는 여유롭게 놀 수 있었다.",["톰 소여의 모험","톰 소여"],260
26,소설,이야기 재구성,중급,"허클베리 핀은 뗏목 위에서 노예 신분의 짐과 함께 강을 따라 내려가고 있었다. 두 사람은 별빛 아래에서 세상의 편견과 규칙을 벗어난 자유를 맛보았다.",["허클베리 핀의 모험","허클베리 핀","짐"],330
27,소설,이야기 재구성,어려움,"헤스터는 마을 광장 한복판에서 붉은 'A'자가 새겨진 옷을 입고 서 있었다. 군중의 시선은 차갑고 무거웠으며, 그녀의 어린 딸만이 곁에서 위로가 되어주었다.",["주홍글자","헤스터","펄"],420
28,소설,이야기 재구성,중급,"짐 호킨스는 오래된 선술집에서 보물섬의 지도를 발견했다. 지도 위의 붉은 X 표시가 그의 운명을 바꾸어놓을 모험의 시작이었다.",["보물섬","짐 호킨스","실버"],360
29,소설,이야기 재구성,초급,"앨리스는 흰 토끼를 쫓아 굴로 들어갔다. 끝없이 이어지는 낙하 속에서 그녀는 스스로가 어디로 향하는지 알 수 없었다.",["이상한 나라의 앨리스","앨리스","하얀 토끼"],250
30,소설,이야기 재구성,중급,"거울 너머의 세계에서 앨리스는 살아 있는 체스 말들과 마주했다. 그녀는 보통의 소녀에서 여왕으로 향하는 길을 걷게 되었다.",["거울 나라의 앨리스","앨리스"],340
31,소설,이야기 재구성,어려움,"걸리버는 거대한 바다에서 표류하다 릴리풋의 해안에 도착했다. 눈을 뜨자 몸은 작은 인간들에게 밧줄로 묶여 있었고, 그는 거대한 몸과 달리 무력한 포로가 되었다.",["걸리버 여행기","걸리버"],430
32,소설,이야기 재구성,초급,"로빈슨 크루소는 폭풍우 끝에 무인도에 표류했다. 그곳에서 그는 맨손으로 집을 짓고 식량을 구하며 생존을 시작했다.",["로빈슨 크루소","로빈슨 크루소"],280
33,소설,이야기 재구성,중급,"프랑스 혁명의 혼란 속에서 시드니 칼튼은 다른 이를 대신해 단두대에 섰다. 그는 죽음을 향해 나아가면서도 그것이 자신이 이룬 최고의 행위라 확신했다.",["두 도시 이야기","시드니 칼튼"],390
34,소설,이야기 재구성,어려움,"데이비드 코퍼필드는 어린 시절 혹독한 계모 밑에서 자랐다. 고통스러운 학대를 견디던 그는 결국 도망쳐 새로운 삶의 길을 찾아 나섰다.",["데이비드 코퍼필드","데이비드 코퍼필드"],450
35,소설,이야기 재구성,중급,"런던의 뒷골목에서 올리버 트위스트는 굶주린 고아들 사이에서 살아가고 있었다. 그는 '더 주세요'라는 한 마디로 세상을 놀라게 했다.",["올리버 트위스트","올리버"],370
36,소설,이야기 재구성,중급,"에스더는 '블리크 하우스'에서 끝없이 이어지는 재판과 비밀 속에 휘말렸다. 그녀의 따뜻한 마음만이 차갑고 음울한 세계를 밝히고 있었다.",["블리크 하우스","에스더"],360
37,소설,이야기 재구성,어려움,"리틀 도릿은 감옥 같은 채무자 수용소에서 태어났다. 가난과 억압 속에서도 그녀는 가족을 지키려는 강한 의지를 잃지 않았다.",["리틀 도릿","도릿"],420
38,소설,이야기 재구성,초급,"캐더린은 '노생거 수도원'에서 유령 이야기에 휘말렸다. 그러나 그곳의 비밀은 초자연이 아닌 인간의 탐욕과 거짓이었다.",["노생거 수도원","캐더린"],300
39,소설,이야기 재구성,중급,"앤은 '그린 게이블스'에 도착했을 때 초록 지붕과 따뜻한 햇살이 그녀를 반겼다. 고아였던 그녀는 이제 새로운 가정을 맞이하게 되었다.",["빨강머리 앤","앤 셜리"],350
40,소설,이야기 재구성,중급,"히스클리프는 캐서린의 무덤 옆에서 밤마다 속삭였다. 사랑과 증오가 얽힌 그의 영혼은 끝내 평온을 얻지 못했다.",["폭풍의 언덕","히스클리프","캐서린"],400
41,소설,이야기 재구성,중급,"라스콜리니코프는 한 노파를 도끼로 살해한 후 죄책감과 광기에 시달렸다. 그의 내적 갈등은 점점 심해져 스스로 무너져 갔다.",["죄와 벌","라스콜리니코프"],380
42,소설,이야기 재구성,어려움,"이반 카라마조프는 신과 정의에 대해 끝없는 질문을 던졌다. 그의 사상과 회의는 결국 형제들의 운명과 얽혀 비극으로 치달았다.",["카라마조프의 형제들","이반","드미트리","알료샤"],460
43,소설,이야기 재구성,중급,"도스토예프스키의 '백치' 속 미시킨 공작은 세속적인 이익보다 순수한 인간애를 선택했다. 그러나 그의 순수함은 타락한 사회 속에서 조롱거리가 되었다.",["백치","미시킨"],370
44,소설,이야기 재구성,중급,"차르 시대 러시아에서 바자로프는 '아버지와 아들' 속에서 허무주의를 주장했다. 그는 낡은 전통과 젊은 세대 사이의 충돌을 상징했다.",["아버지와 아들","바자로프"],340
45,소설,이야기 재구성,초급,"체르니셰프스키의 '무엇을 할 것인가?' 속 주인공들은 이상적인 공동체의 가능성을 꿈꾸며 새로운 삶을 모색했다.",["무엇을 할 것인가?","로자","베라"],280
46,소설,이야기 재구성,중급,"파우스트는 악마 메피스토펠레스와 계약을 맺었다. 그는 지식과 쾌락을 얻었으나, 결국 영혼의 대가를 치러야 했다.",["파우스트","파우스트","메피스토펠레스"],360
47,소설,이야기 재구성,중급,"젊은 베르테르는 샬롯을 향한 사랑으로 고통받았다. 그는 끝내 권총을 들고 비극적인 선택을 했다.",["젊은 베르테르의 슬픔","베르테르","샬롯"],350
48,소설,이야기 재구성,어려움,"단테는 베아트리체의 인도 아래 천상의 구원을 향해 나아갔다. 그러나 그 길은 지옥과 연옥을 거쳐야만 하는 험난한 여정이었다.",["신곡","단테","베아트리체"],480
49,소설,이야기 재구성,중급,"밀턴의 '실락원'에서 사탄은 천국에서 추방당한 뒤 인간을 타락시키려 음모를 꾸몄다. 그의 오만과 반항은 인류의 운명을 뒤흔들었다.",["실락원","사탄","아담","이브"],390
50,소설,이야기 재구성,초급,"호메로스의 '오디세이'에서 오디세우스는 바다를 떠돌며 수많은 시련을 겪었다. 집으로 돌아가기 위해 그는 신들과 괴물들을 마주해야 했다.",["오디세이","오디세우스"],300
51,소설,이야기 재구성,중급,"아킬레우스는 전장에서 분노로 가득 차 적군을 몰아붙였다. 그의 눈빛은 불길 같았고, 창끝은 피로 물들어갔다.",["일리아드","아킬레우스"],360
52,소설,이야기 재구성,어려움,"오디세우스는 키클롭스의 동굴에 갇혔을 때 꾀를 내어 거대한 괴물을 속였다. 그는 '아무도 아니다'라는 이름으로 자신을 숨겼다.",["오디세이","오디세우스","키클롭스"],420
53,소설,이야기 재구성,중급,"에네아스는 불타는 트로이에서 노부친을 업고 탈출했다. 그의 어깨 위에 조국의 마지막 희망이 얹혀 있었다.",["아이네이스","에네아스"],370
54,소설,이야기 재구성,초급,"단테는 지옥의 첫 관문을 지나자 수많은 고통받는 영혼들의 울음소리를 들었다. 그들은 끝없는 절망 속에서 자신들의 죄를 되새기고 있었다.",["신곡","단테"],280
55,소설,이야기 재구성,중급,"사탄은 천국에서 추방된 후 타락천사들과 함께 모여 인간을 타락시킬 음모를 꾸몄다. 그의 오만한 연설은 모두를 불길한 결심으로 몰아넣었다.",["실락원","사탄"],350
56,소설,이야기 재구성,어려움,"이반호는 기사 토너먼트에서 무명의 기사로 등장해 용맹하게 싸웠다. 그의 창은 적을 쓰러뜨렸고 군중은 그를 영웅이라 칭송했다.",["이반호","이반호"],450
57,소설,이야기 재구성,중급,"베아트리체를 다시 만난 단테는 그녀의 미소에 눈이 멀었다. 그녀의 손짓 하나가 그의 영혼을 구원으로 이끌었다.",["신곡","단테","베아트리체"],360
58,소설,이야기 재구성,중급,"돈 후안은 어둠 속에서 몰래 연인을 만나려 했다. 그러나 그의 행위는 곧 파멸과 심판으로 이어질 것이었다.",["돈 후안","돈 후안"],340
59,소설,이야기 재구성,초급,"라파엘은 유토피아라는 섬을 여행하며 완벽한 사회의 질서를 보았다. 그곳의 사람들은 재산을 나누고 평등을 추구했다.",["유토피아","라파엘"],300
60,소설,이야기 재구성,중급,"돈 주앙은 무도회장에서 또 다른 여인을 유혹했다. 그의 달콤한 말은 잠시 상대를 사로잡았으나, 공허함이 뒤따랐다.",["돈 주앙","돈 주앙"],360
61,소설,이야기 재구성,중급,"노파를 살해한 라스콜리니코프는 거친 숨을 몰아쉬며 방 안을 서성였다. 도끼의 무게보다 죄책감이 더 무겁게 어깨를 짓눌렀다.",["죄와 벌","라스콜리니코프"],380
62,소설,이야기 재구성,초급,"알료샤는 교회 안에서 사람들의 고통을 어루만졌다. 그는 믿음과 자비로 무너져가는 영혼들을 붙잡으려 했다.",["카라마조프의 형제들","알료샤"],280
63,소설,이야기 재구성,중급,"스비드리가일로프는 폭풍우 치는 밤 권총을 들고 스스로 목숨을 끊었다. 그의 고독한 삶은 비 내리는 거리에 흩어졌다.",["죄와 벌","스비드리가일로프"],360
64,소설,이야기 재구성,어려움,"피에르는 모스크바 화재 속에서 죄수로 끌려가며 인간의 잔혹함을 목격했다. 그러나 그 속에서도 새로운 깨달음을 얻었다.",["전쟁과 평화","피에르"],480
65,소설,이야기 재구성,중급,"안나는 기차역에서 달려오는 열차를 바라보았다. 그녀의 가슴 속에서는 두려움과 해방이 동시에 뒤섞였다.",["안나 카레니나","안나"],350
66,소설,이야기 재구성,초급,"헬렌은 제인에게 조용히 신앙과 인내의 가치를 속삭였다. 작은 침대 위에서 그녀는 평화롭게 눈을 감았다.",["제인 에어","헬렌","제인"],300
67,소설,이야기 재구성,중급,"로체스터는 불타는 저택 속에서 시력을 잃었지만, 제인이 돌아왔을 때 그는 그녀의 목소리로 다시 희망을 느꼈다.",["제인 에어","로체스터","제인"],360
68,소설,이야기 재구성,중급,"히스클리프는 캐서린의 무덤을 파헤쳐 차가운 흙 속에서 그녀를 껴안았다. 그의 광기는 사랑과 집착을 구분할 수 없게 만들었다.",["폭풍의 언덕","히스클리프","캐서린"],370
69,소설,이야기 재구성,초급,"짐 호킨스는 섬의 언덕에서 망원경으로 바다를 살폈다. 멀리서 해적선의 돛대가 나타났을 때, 그의 심장은 두근거렸다.",["보물섬","짐 호킨스"],280
70,소설,이야기 재구성,중급,"실버는 나무 다리를 끌며 선원들을 지휘했다. 그의 눈빛은 탐욕과 지혜가 교차하는 빛을 띠고 있었다.",["보물섬","실버"],340
71,소설,이야기 재구성,중급,"앨리스는 체셔 고양이의 미소와 마주쳤다. 고양이의 몸은 사라지고 미소만이 허공에 남아 그녀를 혼란에 빠뜨렸다.",["이상한 나라의 앨리스","앨리스","체셔 고양이"],330
72,소설,이야기 재구성,중급,"하얀 토끼는 시계를 들고 급히 달려갔다. 앨리스는 그 뒤를 쫓으며 끝없는 미지의 세계로 빠져들었다.",["이상한 나라의 앨리스","앨리스","하얀 토끼"],320
73,소설,이야기 재구성,초급,"이반호는 전장에서 쓰러진 아버지를 발견하고 눈물을 흘렸다. 그는 기사로서의 의무와 아들로서의 사랑 사이에서 갈등했다.",["이반호","이반호"],300
74,소설,이야기 재구성,중급,"프랑켄슈타인의 괴물은 숲 속 오두막에서 가족을 지켜보았다. 그는 그들의 따뜻한 교류를 동경하며 자신이 배제된 운명을 슬퍼했다.",["프랑켄슈타인","괴물"],360
75,소설,이야기 재구성,어려움,"드라큘라는 밤의 안개 속에서 루시의 창가를 찾았다. 그의 눈빛은 그녀의 생명을 빨아들이는 동시에 달콤한 유혹을 내뿜었다.",["드라큘라","드라큘라","루시"],480
76,소설,이야기 재구성,중급,"장 발장은 코제트를 품에 안고 어두운 숲길을 걸었다. 아이의 가벼운 숨결은 그의 무거운 삶에 처음으로 찾아온 따뜻한 빛이었다.",["레미제라블","장 발장","코제트"],360
77,소설,이야기 재구성,어려움,"자베르는 다리 위에 서서 흐르는 강물을 바라보았다. 법과 양심 사이에서 찢긴 그는 마침내 깊은 어둠 속으로 몸을 던졌다.",["레미제라블","자베르"],480
78,소설,이야기 재구성,중급,"달타냥과 삼총사는 칼을 높이 들며 한목소리로 외쳤다. '하나를 위하여, 모두를 위하여!' 그들의 우정은 전장의 피비린내를 이겨냈다.",["삼총사","달타냥","아토스","포르토스","아라미스"],340
79,소설,이야기 재구성,중급,"에드몽 단테스는 섬의 동굴 깊숙한 곳에서 반짝이는 금과 보물을 발견했다. 배신과 고통의 세월이 이제 복수의 날개로 바뀌고 있었다.",["몽테크리스토 백작","에드몽 단테스"],360
80,소설,이야기 재구성,초급,"톰 소여와 허클베리는 동굴 속에서 길을 잃었다. 깜깜한 어둠 속에서 두 소년은 서로의 심장 소리로 용기를 찾았다.",["톰 소여의 모험","톰 소여","허클베리 핀"],300
81,소설,이야기 재구성,중급,"허클베리는 뗏목 위에서 자유의 바람을 느꼈다. 강물은 끝없이 흘렀고, 그는 자신이 더 이상 옛 세상에 묶여 있지 않음을 알았다.",["허클베리 핀의 모험","허클베리 핀"],350
82,소설,이야기 재구성,중급,"마그위치는 법정에서 자신의 과거를 고백했다. 핍은 두려움과 연민이 동시에 밀려와 무거운 눈물을 흘렸다.",["위대한 유산","마그위치","핍"],360
83,소설,이야기 재구성,중급,"스쿠루지는 크리스마스 아침 눈을 뜨자 방 안이 햇살로 가득 차 있었다. 그는 기쁨에 차 창문을 열고 거리의 아이에게 칠면조를 사오라 외쳤다.",["크리스마스 캐럴","스쿠루지"],340
84,소설,이야기 재구성,초급,"올리버는 굶주린 식탁 위에서 용기를 내어 말했다. '더 주세요.' 순간 방 안의 모든 고아와 교사가 숨을 죽였다.",["올리버 트위스트","올리버"],280
85,소설,이야기 재구성,중급,"파리의 거리를 달리던 장 발장은 빵 한 조각을 훔친 죄로 잡혀 끌려갔다. 그러나 그의 눈빛에는 생존을 위한 절박함만이 남아 있었다.",["레미제라블","장 발장"],360
86,소설,이야기 재구성,중급,"아라미스는 적의 칼끝에 맞서며 미소를 지었다. 그는 전우들이 곁에 있음을 알기에 죽음조차 두렵지 않았다.",["삼총사","아라미스"],350
87,소설,이야기 재구성,어려움,"피에르는 전쟁터의 포로 수용소에서 절망하는 동료를 위로했다. 인간의 희망은 철창보다 강하다는 것을 그는 느꼈다.",["전쟁과 평화","피에르"],480
88,소설,이야기 재구성,중급,"안나의 드레스 자락은 무도회장의 불빛 속에서 흔들렸다. 브론스키의 시선은 그녀에게 고정되었고, 운명은 이미 굴러가기 시작했다.",["안나 카레니나","안나","브론스키"],340
89,소설,이야기 재구성,초급,"제인 에어는 로체스터의 손을 꼭 잡았다. 불행과 시련을 넘어 두 사람의 눈빛은 서로에게 닿아 있었다.",["제인 에어","제인","로체스터"],300
90,소설,이야기 재구성,중급,"괴물은 어린 소녀를 강가에서 만났다. 그는 순수한 눈동자 앞에서 잠시 인간으로서의 따뜻함을 느꼈다.",["프랑켄슈타인","괴물"],350
91,소설,이야기 재구성,중급,"드라큘라는 하커의 목을 노리며 천천히 다가갔다. 어둠 속 그의 눈빛은 빛나는 송곳니보다 더 날카로웠다.",["드라큘라","드라큘라","조나단 하커"],360
92,소설,이야기 재구성,중급,"햄릿은 무대 위에서 광기를 가장하며 연극을 지휘했다. 그의 대사는 클라우디우스 왕의 얼굴을 점점 창백하게 만들었다.",["햄릿","햄릿","클라우디우스"],370
93,소설,이야기 재구성,중급,"로미오는 줄리엣의 무덤 속에서 독약을 들이켰다. 그의 마지막 숨결은 그녀의 차가운 손끝 위에서 사라졌다.",["로미오와 줄리엣","로미오","줄리엣"],360
94,소설,이야기 재구성,어려움,"맥베스는 피로 물든 손을 바라보며 두려움에 휩싸였다. '이 피를 바다로 씻어낼 수 있을까?' 그의 야망은 이미 돌이킬 수 없었다.",["맥베스","맥베스"],480
95,소설,이야기 재구성,중급,"레이디 맥베스는 잠결에 손을 씻는 시늉을 반복했다. 그녀의 눈은 공포로 가득 차 있었고, 속삭임은 어두운 방을 메웠다.",["맥베스","레이디 맥베스"],360
96,소설,이야기 재구성,중급,"돈키호테는 쓰러진 채 하늘을 바라보며 중얼거렸다. 그의 눈에는 여전히 기사도와 영웅의 꿈이 빛나고 있었다.",["돈키호테","돈키호테"],350
97,소설,이야기 재구성,초급,"산초는 주인 곁에서 한숨을 내쉬며 말했다. '주인님, 저건 풍차입니다.' 그러나 돈키호테는 검을 높이 들고 있었다.",["돈키호테","산초","돈키호테"],280
98,소설,이야기 재구성,중급,"셜록 홈즈는 파이프를 문 채 피아노 건반을 두드렸다. 그의 눈빛은 이미 다음 사건의 해답을 향해 있었다.",["셜록 홈즈의 모험","셜록 홈즈"],330
99,소설,이야기 재구성,중급,"왓슨은 총성을 듣고 달려갔다. 그곳에는 홈즈가 냉정하게 범인의 손목을 붙잡고 있었다.",["셜록 홈즈의 모험","왓슨","셜록 홈즈"],350
100,소설,이야기 재구성,어려움,"이슈마엘은 바다 위에서 모비 딕과의 마지막 싸움을 지켜보았다. 거대한 흰 고래와 에이허브의 광기는 파도를 가르며 부딪혔다.",["모비 딕","이슈마엘","에이허브"],480
101,소설,이야기 재구성,중급,"파리의 다락방에서 가난한 시인은 얼어붙은 손으로 글을 쓰고 있었다. 그러나 그의 마음속엔 사랑과 예술을 향한 불꽃이 꺼지지 않았다.",["보헤미안 생활","가난한 시인"],340
102,소설,이야기 재구성,중급,"에마 보바리는 시골 집 창문에 기대 도시의 화려함을 그리워했다. 그녀의 눈동자는 닿을 수 없는 세계를 향해 있었다.",["보바리 부인","에마 보바리"],360
103,소설,이야기 재구성,어려움,"라스코프니코프는 소냐의 방에서 무릎을 꿇었다. 그는 처음으로 자신의 죄를 고백하며 눈물을 흘렸다.",["죄와 벌","라스콜리니코프","소냐"],420
104,소설,이야기 재구성,초급,"도리언은 점점 추해지는 초상화를 보며 몸서리를 쳤다. 그러나 거울 속 자신의 얼굴은 여전히 젊고 아름다웠다.",["도리언 그레이의 초상","도리언"],280
105,소설,이야기 재구성,중급,"차르의 궁정에서 나폴레옹과 맞선 쿠투조프는 병사들의 사기를 위해 담담히 서 있었다. 그의 침착한 눈빛은 전쟁의 혼란을 잠재웠다.",["전쟁과 평화","쿠투조프"],350
106,소설,이야기 재구성,중급,"피핀은 고향의 들판을 떠나며 두려움과 설렘을 동시에 느꼈다. 그는 이제 더 이상 단순한 농부가 아니었다.",["반지의 제왕","피핀"],340
107,소설,이야기 재구성,어려움,"골룸은 반지를 움켜쥔 채 동굴 속에서 혼잣말을 중얼거렸다. 그의 눈빛은 탐욕과 두려움이 교차하는 빛을 띠고 있었다.",["반지의 제왕","골룸"],480
108,소설,이야기 재구성,중급,"돈 후안은 대성당 앞에서 칼을 빼들었다. 그의 미소는 죽음을 앞둔 도전처럼 빛나고 있었다.",["돈 후안","돈 후안"],360
109,소설,이야기 재구성,중급,"줄리엣은 독약이 든 병을 바라보며 망설였다. 그러나 사랑 없는 삶보다 죽음을 택하며 그 병을 들었다.",["로미오와 줄리엣","줄리엣"],340
110,소설,이야기 재구성,초급,"알리사 공주는 저녁 정원에서 슬픈 노래를 불렀다. 달빛이 그녀의 눈물 위로 흘러내렸다.",["러시아 민속 이야기","알리사"],280
111,소설,이야기 재구성,중급,"장 발장은 법정에서 자신의 정체를 밝히며 자백했다. 그의 고백은 모든 이를 충격에 빠뜨렸다.",["레미제라블","장 발장"],350
112,소설,이야기 재구성,어려움,"이슈마엘은 광대한 바다를 떠다니며 선원들의 이야기를 기록했다. 그는 모든 집착을 삼켜버리는 고래와 맞서야 했다.",["모비 딕","이슈마엘"],480
113,소설,이야기 재구성,중급,"리자벨라는 수녀원의 뜰에서 기도를 드렸다. 그녀의 손끝은 떨렸지만, 마음은 굳게 결심하고 있었다.",["수녀 이야기","리자벨라"],340
114,소설,이야기 재구성,중급,"베르테르는 샬롯이 다른 이와 춤추는 모습을 바라보며 가슴이 찢어졌다. 그 순간 그의 운명은 이미 정해져 있었다.",["젊은 베르테르의 슬픔","베르테르","샬롯"],360
115,소설,이야기 재구성,초급,"톰은 동굴 벽에 새겨진 빛나는 무늬를 발견했다. 그곳은 오랫동안 숨겨진 비밀의 문이었다.",["톰 소여의 모험","톰"],280
116,소설,이야기 재구성,중급,"짐은 강물 위 뗏목에서 별빛을 올려다보았다. 자유가 손끝에 닿을 듯했으나, 현실은 언제나 그를 뒤쫓았다.",["허클베리 핀의 모험","허클베리 핀","짐"],350
117,소설,이야기 재구성,어려움,"히스클리프는 어둠 속에서 캐서린의 목소리를 들었다. 그것은 바람에 섞여 유령처럼 그를 부르고 있었다.",["폭풍의 언덕","히스클리프","캐서린"],480
118,소설,이야기 재구성,중급,"드라큘라는 루시의 창가에서 그녀를 부드럽게 껴안았다. 그러나 그 포옹은 피를 앗아가는 저주의 입맞춤이었다.",["드라큘라","드라큘라","루시"],350
119,소설,이야기 재구성,중급,"햄릿은 오필리아의 무덤 옆에서 슬픔에 몸부림쳤다. 그는 절망 속에서 그녀의 이름을 끝없이 불렀다.",["햄릿","햄릿","오필리아"],360
120,소설,이야기 재구성,초급,"앨리스는 붉은 여왕과 체스판 위를 달렸다. 모든 길이 움직였고, 그녀는 숨이 차도록 달려야 했다.",["거울 나라의 앨리스","앨리스","붉은 여왕"],300
121,소설,이야기 재구성,중급,"돈키호테는 여관 주인을 성에서 기사 서임식을 치러주는 영주로 착각했다. 그는 진지하게 무릎을 꿇고 검을 기다렸다.",["돈키호테","돈키호테"],350
122,소설,이야기 재구성,중급,"파우스트는 책상 위에 고개를 묻은 채 인생의 공허함을 탄식했다. 그때 메피스토펠레스가 그림자 속에서 나타났다.",["파우스트","파우스트","메피스토펠레스"],360
123,소설,이야기 재구성,어려움,"단테는 연옥의 정상에서 별빛을 올려다보았다. 그의 영혼은 마침내 희망을 향해 나아갔다.",["신곡","단테"],480
124,소설,이야기 재구성,중급,"에드거는 '까마귀'의 울음소리에 시달리며 어두운 방에서 미쳐갔다. 까마귀는 끝내 '결코 아니다'라는 말을 반복했다.",["까마귀","에드거"],360
125,소설,이야기 재구성,중급,"프로스페로는 폭풍우를 일으켜 적들을 섬에 가둬두었다. 그러나 그의 마법은 복수보다 용서를 향하고 있었다.",["템페스트","프로스페로"],350
126,소설,이야기 재구성,중급,"라스티냐크는 파리 묘지 위에서 도시를 내려다보며 결심했다. '이제 파리와 맞서겠다.' 그의 야망은 밤하늘만큼 깊었다.",["고리오 영감","라스티냐크"],350
127,소설,이야기 재구성,중급,"줄리앙 소렐은 권총을 들고 교회에 들어섰다. 그의 손은 떨렸지만, 사회와 운명에 대한 분노가 그를 움직였다.",["적과 흑","줄리앙 소렐"],360
128,소설,이야기 재구성,어려움,"에마는 농장의 단조로움 속에서 눈을 감았다. 그녀의 마음은 언제나 화려한 파리의 무도회를 향해 있었다.",["보바리 부인","에마 보바리"],420
129,소설,이야기 재구성,중급,"장 무란은 탄광의 어둠 속에서 파업 노동자들을 이끌었다. 그들의 분노와 절망이 폭풍처럼 터져 나왔다.",["제르미날","에티엔 무란"],360
130,소설,이야기 재구성,중급,"파브르는 곤충을 손에 올려놓고 조용히 관찰했다. 그의 눈빛에는 작은 생명에 대한 경외가 담겨 있었다.",["곤충기","파브르"],340
131,소설,이야기 재구성,초급,"체호프의 '세 자매'는 저녁 식탁에 앉아 다시 모스크바로 돌아가길 꿈꾸었다. 그러나 현실은 늘 그들을 붙잡고 있었다.",["세 자매","올가","마샤","이리나"],280
132,소설,이야기 재구성,중급,"사령관의 망토를 훔친 아카키는 잠시나마 세상에서 존중받는 듯했다. 그러나 그 기쁨은 금세 사라지고 말았다.",["외투","아카키"],360
133,소설,이야기 재구성,중급,"죽은 혼들을 사들이던 차치코프는 러시아 귀족들의 탐욕을 비웃었다. 그의 꾀와 속임수는 온 나라를 떠돌았다.",["죽은 혼","차치코프"],350
134,소설,이야기 재구성,어려움,"보카치오의 청년들은 흑사병이 휩쓴 도시를 떠나 교외 저택에 모였다. 그들은 서로의 이야기를 나누며 죽음의 공포를 잊으려 했다.",["데카메론","청년들"],480
135,소설,이야기 재구성,중급,"마키아벨리의 군주는 피렌체 군중 앞에서 냉정하게 미소 지었다. 그는 권력의 본질이 두려움임을 알고 있었다.",["군주론","군주"],360
136,소설,이야기 재구성,중급,"홍길동은 활을 들고 하늘을 향해 외쳤다. '나는 아버지를 아버지라 부르지 못하니!' 그의 분노는 정의의 검이 되었다.",["홍길동전","홍길동"],350
137,소설,이야기 재구성,중급,"손견의 군은 황건적과 맞서 싸웠다. 깃발은 휘날렸고, 적들의 함성은 천지를 뒤흔들었다.",["삼국지연의","손견"],360
138,소설,이야기 재구성,중급,"송강은 의형제들과 맹세하며 잔을 들었다. 양산박의 횃불이 밤하늘을 물들였다.",["수호전","송강"],340
139,소설,이야기 재구성,중급,"손오공은 여의봉을 휘두르며 하늘의 군사들을 물리쳤다. 그의 웃음은 천궁을 뒤흔들었다.",["서유기","손오공"],360
140,소설,이야기 재구성,어려움,"가보는 대궐의 거울 앞에서 눈물을 흘렸다. 꿈처럼 아름다운 청춘은 권력과 욕망 속에 시들어갔다.",["홍루몽","가보","임대옥"],420
141,소설,이야기 재구성,중급,"베오울프는 바다 괴물 그렌델과 맞섰다. 그의 주먹은 쇠처럼 단단했고, 괴물의 울부짖음은 전장을 흔들었다.",["베오울프","베오울프","그렌델"],370
142,소설,이야기 재구성,중급,"지크프리트는 니벨룽겐의 보물을 차지했지만, 그 탐욕은 결국 피로 이어졌다.",["니벨룽겐의 노래","지크프리트"],350
143,소설,이야기 재구성,어려움,"오이디푸스는 진실을 알고 두 눈을 찔렀다. 그의 외침은 테베의 거리를 울렸다.",["오이디푸스 왕","오이디푸스"],480
144,소설,이야기 재구성,중급,"안티고네는 법에 맞서 오라비의 시신을 묻었다. 그녀의 결단은 죽음보다 강했다.",["안티고네","안티고네"],360
145,소설,이야기 재구성,중급,"메데이아는 배신당한 여인을 바라보며 손에 독을 쥐었다. 복수의 불길이 그녀의 눈에 타올랐다.",["메데이아","메데이아"],370
146,소설,이야기 재구성,중급,"길가메시는 죽음을 두려워하며 영생의 풀을 찾아 나섰다. 그의 발걸음은 모래바람에 묻혔다.",["길가메시 서사시","길가메시"],360
147,소설,이야기 재구성,중급,"이네아스는 라티움 땅에 도착해 새로운 도시의 초석을 세웠다. 그의 눈빛에는 조국을 잃은 자의 굳은 의지가 빛났다.",["아이네이스","에네아스"],360
148,소설,이야기 재구성,중급,"카프카의 '소송' 속 요제프 K는 법정을 헤매며 끝없이 자신을 변호했다. 그러나 판결은 이미 내려진 듯 보였다.",["소송","요제프 K"],350
149,소설,이야기 재구성,중급,"한 의사는 시골 마을에서 환자를 구하기 위해 눈보라를 헤쳤다. 그러나 그의 여정은 끝없는 악몽처럼 이어졌다.",["시골 의사","의사"],340
150,소설,이야기 재구성,중급,"그레고르 잠자의 여동생은 바이올린을 연주했다. 벌레가 된 오빠는 방 안에서 그 소리에 매달리듯 몸을 떨었다.",["변신","그레고르","그레테"],360
151,소설,이야기 재구성,중급,"허클베리 핀은 강가에서 도망친 노예 짐을 바라보며 갈등했다. 법과 양심 중 어느 쪽을 따라야 할지 그는 알 수 없었다.",["허클베리 핀의 모험","허클베리 핀","짐"],360
152,소설,이야기 재구성,중급,"포는 어두운 지하실에서 희생자의 심장이 바닥 밑에서 뛰는 듯한 환청을 들었다. 그의 광기는 진실을 숨기지 못했다.",["도둑맞은 편지","내레이터"],350
153,소설,이야기 재구성,어려움,"에이허브 선장은 파도를 뚫고 모비 딕의 등을 향해 작살을 던졌다. 광기와 집착이 그의 눈빛에서 불타올랐다.",["모비 딕","에이허브"],480
154,소설,이야기 재구성,중급,"스카렛 오하라는 불타는 애틀랜타의 거리를 달렸다. 그녀의 드레스 자락은 재와 피 속에서도 굳세게 흔들렸다.",["바람과 함께 사라지다","스카렛 오하라"],360
155,소설,이야기 재구성,초급,"지킬 박사는 하이드로 변한 자신의 손을 바라보았다. 그 손은 이제 낯설고, 공포로 얼룩져 있었다.",["지킬 박사와 하이드","지킬 박사","하이드"],300
156,소설,이야기 재구성,중급,"하나의 종소리가 울리자 레 미제라블의 혁명가들은 바리케이드 위에서 총을 들었다. 그들의 눈빛은 자유를 향하고 있었다.",["레미제라블","앙졸라","마리우스"],350
157,소설,이야기 재구성,중급,"가츠비는 녹색 불빛을 향해 손을 뻗었다. 그 빛은 데이지와의 거리를 좁힐 수 없는 꿈의 상징이었다.",["위대한 개츠비","가츠비","데이지"],340
158,소설,이야기 재구성,어려움,"호밀밭에 선 홀든은 아이들이 절벽에서 떨어지지 않기를 바랐다. 그의 눈빛은 방황과 순수 사이에서 흔들렸다.",["호밀밭의 파수꾼","홀든"],480
159,소설,이야기 재구성,중급,"에이브너는 법정을 향해 불타는 목소리를 외쳤다. 정의와 불의 사이에서 그의 분노는 멈추지 않았다.",["분노의 포도","에이브너"],360
160,소설,이야기 재구성,초급,"산초는 주인의 말도 안 되는 명령에 머리를 흔들었다. 그러나 끝내 그는 돈키호테 곁을 지켰다.",["돈키호테","산초","돈키호테"],280
161,소설,이야기 재구성,중급,"호라시오는 엘시노어 성의 차가운 돌 위에 앉아 햄릿의 운명을 곱씹었다. 그는 살아남은 자의 고독을 느꼈다.",["햄릿","호라시오"],360
162,소설,이야기 재구성,중급,"안티고네는 자신의 손으로 흙을 뿌리며 오라비의 시신을 덮었다. 법보다 강한 의무가 그녀를 이끌었다.",["안티고네","안티고네"],360
163,소설,이야기 재구성,중급,"길가메시는 심해 속에서 영생의 풀을 발견했다. 그러나 한 뱀에 의해 그것은 앗아가고 말았다.",["길가메시 서사시","길가메시"],350
164,소설,이야기 재구성,중급,"그레고르는 문 너머로 흘러나오는 음악을 들었다. 그의 벌레 몸은 바이올린 소리에 흔들리듯 떨렸다.",["변신","그레고르","그레테"],340
165,소설,이야기 재구성,중급,"장발장은 코제트의 작은 신발을 손에 쥐었다. 그것은 그의 새로운 삶의 이유가 되었다.",["레미제라블","장 발장","코제트"],350
166,소설,이야기 재구성,어려움,"안나는 눈 덮인 철길 위에 서 있었다. 기차의 불빛은 점점 다가왔고, 그녀의 심장은 마지막 결정을 내렸다.",["안나 카레니나","안나"],480
167,소설,이야기 재구성,중급,"네모 선장은 바다 밑 산호 숲을 지나며 손님들에게 미지의 세계를 보여주었다. 바다는 신비로운 빛으로 가득했다.",["해저 2만리","네모 선장","아로낙스"],360
168,소설,이야기 재구성,중급,"아킬레우스는 전장에서 파트로클로스의 죽음을 알고 울부짖었다. 그의 분노는 곧 헥토르를 향했다.",["일리아드","아킬레우스","파트로클로스","헥토르"],370
169,소설,이야기 재구성,초급,"에네아스는 불타는 트로이에서 노부친을 등에 업고 탈출했다. 그의 눈에는 눈물과 결심이 동시에 담겨 있었다.",["아이네이스","에네아스"],300
170,소설,이야기 재구성,중급,"이반 카라마조프는 법정에서 신의 존재와 인간의 자유를 두고 끝없는 논쟁을 이어갔다.",["카라마조프의 형제들","이반"],360
171,소설,이야기 재구성,중급,"프로메테우스는 바위에 묶인 채 독수리의 부리를 견뎠다. 그러나 그의 눈빛은 굴하지 않았다.",["프로메테우스의 사슬","프로메테우스"],350
172,소설,이야기 재구성,중급,"베르길리우스의 안내를 받으며 단테는 지옥의 아홉 번째 원에 들어섰다. 그곳은 배신자들이 얼음에 갇힌 세계였다.",["신곡","단테","베르길리우스"],360
173,소설,이야기 재구성,중급,"오르페우스는 지하세계의 문을 지나 에우리디케의 손을 잡았다. 그러나 뒤돌아본 순간 그녀는 영원히 사라졌다.",["그리스 신화","오르페우스","에우리디케"],360
174,소설,이야기 재구성,중급,"베오울프는 불을 뿜는 용과 맞섰다. 그의 방패는 불에 타들어갔으나 검은 여전히 빛났다.",["베오울프","베오울프"],360
175,소설,이야기 재구성,중급,"트리스탄은 이졸데의 눈빛 속에서 삶과 죽음을 동시에 보았다. 사랑과 운명이 그들을 갈라놓고 있었다.",["트리스탄과 이졸데","트리스탄","이졸데"],360
176,소설,이야기 재구성,중급,"프로메테우스는 인간에게 불을 가져다주었다. 그러나 이 때문에 제우스의 분노를 사, 그는 바위에 묶여 독수리에게 간을 쪼이는 형벌을 받았다.",["그리스 신화","프로메테우스","제우스"],410
177,소설,이야기 재구성,어려움,"오르페우스는 아내 에우리디케를 되찾기 위해 저승으로 내려갔다. 하데스는 조건을 달아 그녀를 데려가게 했지만, 지상을 오르기 전 돌아본 순간 그녀는 영영 사라졌다.",["그리스 신화","오르페우스","에우리디케","하데스"],480
178,소설,이야기 재구성,중급,"트로이의 헬레네는 파리스와 함께 도망쳤다. 이 사건은 그리스와 트로이 사이의 전쟁을 촉발시켰고, 수많은 영웅들의 운명을 바꾸었다.",["일리아스","헬레네","파리스"],370
179,소설,이야기 재구성,초급,"아킬레우스는 전장에서 분노를 터뜨렸다. 친구 파트로클로스의 죽음은 그를 복수의 불길 속으로 몰아넣었다.",["일리아스","아킬레우스","파트로클로스"],290
180,소설,이야기 재구성,중급,"오디세우스는 키르케의 섬에서 그녀의 마법에 걸린 부하들을 구해냈다. 그는 지혜와 용기로 여신과 협상하며 길을 이어갔다.",["오디세이","오디세우스","키르케"],360
181,소설,이야기 재구성,중급,"헤라클레스는 열두 과업 중 하나로 네메아의 사자를 물리쳤다. 그의 힘으로도 뚫리지 않던 가죽은 결국 무적의 갑옷이 되었다.",["그리스 신화","헤라클레스","네메아의 사자"],340
182,소설,이야기 재구성,어려움,"테세우스는 크레타 섬의 미궁에서 미노타우로스를 쓰러뜨렸다. 아리아드네가 건넨 실타래가 그를 어둠 속에서 구해냈다.",["그리스 신화","테세우스","미노타우로스","아리아드네"],430
183,소설,이야기 재구성,초급,"페르세우스는 메두사의 목을 베어냈다. 뱀 머리를 가진 괴물은 그의 방패에 비친 모습 속에서 마지막을 맞이했다.",["그리스 신화","페르세우스","메두사"],270
184,소설,이야기 재구성,중급,"제이슨은 아르고호를 타고 황금 양털을 찾아 나섰다. 수많은 모험 끝에 그는 마법사 메데이아의 도움을 받았다.",["그리스 신화","제이슨","메데이아"],380
185,소설,이야기 재구성,중급,"나르키소스는 연못 속 자신의 얼굴에 반해버렸다. 그는 끝내 물가에서 시들어 한 송이 꽃이 되었다.",["그리스 신화","나르키소스"],310
186,소설,이야기 재구성,어려움,"이카로스는 태양 가까이 날아올랐다. 밀랍으로 붙인 날개가 녹아내리자 그는 바다로 곤두박질쳤다.",["그리스 신화","이카로스","다이달로스"],420
187,소설,이야기 재구성,중급,"판도라는 신들의 선물로 받은 항아리를 열었다. 온갖 재앙이 세상에 퍼져 나갔고, 마지막 남은 것은 희망뿐이었다.",["그리스 신화","판도라"],370
188,소설,이야기 재구성,중급,"트로이 전쟁의 영웅 헥토르는 아킬레우스와의 마지막 결투에서 쓰러졌다. 그의 죽음은 트로이의 몰락을 알렸다.",["일리아스","헥토르","아킬레우스"],340
189,소설,이야기 재구성,초급,"파에톤은 아버지 태양신의 전차를 몰고 하늘로 올랐다. 그러나 힘을 제어하지 못하고 불길은 세상을 태워버렸다.",["그리스 신화","파에톤"],280
190,소설,이야기 재구성,중급,"시지포스는 바위를 끝없이 굴려 올려야 하는 저주를 받았다. 정상에 도달하면 언제나 바위는 다시 굴러 내려갔다.",["그리스 신화","시지포스"],350
191,소설,이야기 재구성,중급,"오이디푸스는 진실을 알게 되자 절망했다. 그는 아버지를 죽이고 어머니와 결혼했다는 운명을 피하려 했지만 결국 스스로를 저주했다.",["오이디푸스 왕","오이디푸스","이오카스테"],370
192,소설,이야기 재구성,어려움,"안티고네는 오빠의 시신을 묻으려 했지만, 왕의 명령에 반했다. 그녀의 선택은 비극으로 끝났으나, 신의 뜻을 따르는 용기였다.",["안티고네","안티고네","크레온"],460
193,소설,이야기 재구성,중급,"트로이의 목마는 그리스군의 계략이었다. 거대한 목마 안에 숨어든 병사들은 도시의 문을 열어 몰락을 불러왔다.",["일리아스","트로이 목마","오디세우스"],390
194,소설,이야기 재구성,중급,"페르세포네는 하데스에게 납치되어 저승의 여왕이 되었다. 그녀의 계절적 귀환은 봄과 겨울을 나누는 신화가 되었다.",["그리스 신화","페르세포네","하데스","데메테르"],360
195,소설,이야기 재구성,초급,"아틀라스는 하늘을 떠받드는 형벌을 받았다. 그의 어깨 위에서 무거운 천구가 끝없이 눌러왔다.",["그리스 신화","아틀라스"],260
196,소설,이야기 재구성,어려움,"길가메시는 영생을 찾아 여정을 떠났다. 그러나 그는 결국 죽음을 피할 수 없음을 깨닫고 인간다운 삶을 받아들였다.",["길가메시 서사시","길가메시"],490
197,소설,이야기 재구성,중급,"엔키두의 죽음은 길가메시를 절망에 빠뜨렸다. 그는 눈물을 흘리며 친구의 운명을 바꾸지 못하는 자신의 무력함을 통곡했다.",["길가메시 서사시","길가메시","엔키두"],370
198,소설,이야기 재구성,중급,"라그나로크의 불길 속에서 오딘은 거대한 늑대 펜리르와 맞섰다. 신들의 종말은 새로운 세상의 시작을 예고했다.",["북유럽 신화","오딘","펜리르"],380
199,소설,이야기 재구성,중급,"토르의 망치 묠니르는 거인들과의 전투에서 번개처럼 내리쳤다. 그러나 라그나로크의 전조는 이미 다가오고 있었다.",["북유럽 신화","토르"],340
200,소설,이야기 재구성,어려움,"발두르의 죽음은 신들의 비극을 불러왔다. 로키의 계략으로 겨우살이 가지가 날아가자, 가장 빛나는 신은 쓰러졌다.",["북유럽 신화","발두르","로키"],450
201,소설,이야기 재구성,중급,"단군은 신단수 아래에서 백성을 다스릴 나라를 세웠다. 환웅이 내려온 뒤 곰은 인내 끝에 사람이 되었고, 그 후손으로 단군이 태어나 조선을 건국했다.",["단군 신화","단군","환웅","웅녀"],420
202,소설,이야기 재구성,초급,"주몽은 알에서 태어나 신비한 활 솜씨를 보였다. 그는 부여를 떠나 졸본에 이르러 고구려를 세우며 영웅으로 기억되었다.",["주몽 신화","주몽"],310
203,소설,이야기 재구성,어려움,"연오랑과 세오녀는 바닷길을 건너 일본에 도착했다. 그들이 떠나자 신라에는 해와 달이 빛을 잃었고, 왕은 사신을 보내 그들을 다시 모셔왔다.",["연오랑 세오녀","연오랑","세오녀"],460
204,소설,이야기 재구성,중급,"바리데기는 아버지의 병을 고치기 위해 저승으로 내려갔다. 끝없는 시련에도 굴하지 않고 약수를 얻어 돌아와 효를 다했다.",["바리데기","바리데기"],380
205,소설,이야기 재구성,초급,"후예는 활을 쏘아 하늘의 아홉 태양을 떨어뜨렸다. 남은 하나의 태양 덕분에 세상은 빛과 어둠의 균형을 되찾았다.",["중국 신화","후예","태양"],330
206,소설,이야기 재구성,어려움,"창어는 서왕모의 불사약을 훔쳐 마시고 달로 도망쳤다. 그리하여 그녀는 영원히 달의 여신이 되었고, 후예는 홀로 남아 아내를 그리워했다.",["창어 전설","창어","후예"],470
207,소설,이야기 재구성,중급,"우왕은 치우와 맞서 싸우기 위해 황제 헌원을 따랐다. 전장은 피로 물들었고, 치우는 무쇠 머리와 강철 무기를 휘두르며 끝내 패배했다.",["중국 신화","치우","헌원"],420
208,소설,이야기 재구성,초급,"손오공은 천궁에서 소란을 피우며 불멸을 얻고자 했다. 그러나 부처의 손바닥에서 벗어나지 못한 채 오행산에 갇히고 말았다.",["서유기","손오공","부처"],350
209,소설,이야기 재구성,중급,"현무는 북방을 수호하는 신령한 거북과 뱀의 형상을 지녔다. 그는 하늘의 별자리로 빛나며 제왕의 권위를 상징했다.",["중국 신화","현무"],390
210,소설,이야기 재구성,어려움,"라ーマ는 아내 시타를 구하기 위해 원숭이 군대와 함께 랑카로 향했다. 라바나와의 전투 끝에 그는 정의와 사랑을 되찾았다.",["라마야나","라ーマ","시타","라바나"],500
211,소설,이야기 재구성,중급,"아라주나는 크리슈나의 조언을 받아 전쟁터에서 의무를 다할 결심을 했다. 그의 활 간디바는 적들을 향해 불을 뿜었다.",["마하바라타","아르주나","크리슈나"],410
212,소설,이야기 재구성,초급,"가네샤는 코끼리 머리를 가진 신으로 지혜를 상징했다. 그는 장애물을 제거하는 신으로, 제자들은 언제나 그의 이름을 먼저 불렀다.",["인도 신화","가네샤"],300
213,소설,이야기 재구성,어려움,"시바는 세계를 파괴하고 다시 창조하는 춤, 탄댄스를 추었다. 그의 발끝 아래에서 생멸의 순환이 끊임없이 이어졌다.",["인도 신화","시바"],480
214,소설,이야기 재구성,중급,"길가메시는 영생을 찾아 우트나피쉬팀을 만났다. 그러나 불멸은 허망한 꿈임을 깨닫고, 인간으로서의 삶을 받아들였다.",["길가메시 서사시","길가메시","우트나피쉬팀"],400
215,소설,이야기 재구성,초급,"이난나는 저승으로 내려갔다. 그녀는 일곱 개의 장신구를 하나씩 빼앗기며 결국 벌거벗은 채 심판을 받았다.",["수메르 신화","이난나"],330
216,소설,이야기 재구성,중급,"페르세폴리스의 신 아후라 마즈다는 빛과 선을 대표했다. 그러나 아리만은 어둠과 혼돈으로 세상을 위협했다.",["조로아스터 신화","아후라 마즈다","아리만"],420
217,소설,이야기 재구성,어려움,"야마는 저승의 왕으로 죽은 이들의 영혼을 심판했다. 그의 저울은 인간의 선과 악을 재며 윤회의 길을 정했다.",["인도 신화","야마"],460
218,소설,이야기 재구성,중급,"텐구는 산속에서 인간을 시험하는 괴이한 존재였다. 붉은 얼굴과 기다란 코를 가진 그는 수도승에게 검술을 가르쳤다.",["일본 신화","텐구"],380
219,소설,이야기 재구성,초급,"아마테라스는 동굴 속에 숨어 세상에 어둠이 드리웠다. 신들은 춤과 웃음으로 그녀를 유혹해 다시 빛을 세상에 불러왔다.",["일본 신화","아마테라스"],340
220,소설,이야기 재구성,중급,"스사노오는 바다를 헤매다 야마타노오로치를 만났다. 그는 검을 뽑아 괴물을 쓰러뜨리고, 쿠사나기 검을 얻었다.",["일본 신화","스사노오","야마타노오로치"],420
221,소설,이야기 재구성,어려움,"이자나기와 이자나미는 창으로 바다를 저어 일본 열도를 만들었다. 그러나 이자나미가 죽어 황천으로 떠나자, 이자나기는 절망에 빠졌다.",["일본 신화","이자나기","이자나미"],470
222,소설,이야기 재구성,중급,"천궁의 용왕은 용궁을 지켜 바다를 다스렸다. 그의 궁전은 산호와 진주로 빛나며, 인간은 감히 쉽게 발을 들일 수 없었다.",["한국 신화","용왕"],410
223,소설,이야기 재구성,초급,"선녀와 나무꾼은 하늘에서 내려온 선녀와 인간의 사랑 이야기다. 그러나 결국 선녀는 아이들을 두고 하늘로 돌아갔다.",["한국 전설","선녀","나무꾼"],300
224,소설,이야기 재구성,중급,"금와왕의 연못에서 알 하나가 떠올랐다. 그 알에서 주몽이 태어나 영웅의 운명을 이어갔다.",["고구려 건국 신화","주몽","금와왕"],390
225,소설,이야기 재구성,어려움,"하누만은 라마를 돕기 위해 바다를 뛰어넘어 시타를 찾았다. 그의 힘과 충성은 라마야나에서 가장 빛나는 순간이었다.",["라마야나","하누만","라ーマ","시타"],480
226,소설,이야기 재구성,중급,"단군은 하늘에서 내려온 환웅의 아들로 태어났다. 그는 곰이 사람이 된 웅녀와의 사이에서 태어나 고조선을 세웠다. 백성들은 그의 덕을 칭송하며 새로운 나라의 시작을 기뻐했다.",["단군신화","단군","환웅","웅녀"],420
227,소설,이야기 재구성,초급,"환인은 천부인을 지닌 환웅을 인간 세상으로 내려보냈다. 태백산 신단수 아래에서 그는 인간들의 병과 죄악을 고치며 세상을 다스리기 시작했다.",["단군신화","환인","환웅"],320
228,소설,이야기 재구성,중급,"곰은 햇빛을 피해 동굴 속에서 마늘과 쑥만을 먹으며 인내했다. 시간이 흐르자 곰은 아름다운 여인 웅녀로 변했고, 인간의 삶을 살기를 원했다.",["단군신화","곰","웅녀"],350
229,소설,이야기 재구성,어려움,"해와 달이 된 오누이는 호랑이의 추격을 피해 도망쳤다. 오누이는 하늘의 도움을 받아 밧줄을 타고 오르며 결국 하늘에 닿았다. 누나는 태양이, 동생은 달이 되어 세상을 비추었다.",["해와 달이 된 오누이","누나","동생","호랑이"],480
230,소설,이야기 재구성,초급,"바리데기는 부모의 버림을 받았지만, 죽어가는 아버지를 살리기 위해 지하 세계로 향했다. 그녀는 온갖 고난을 이겨내고 신비로운 약수를 얻어 부모를 살려냈다.",["바리데기","바리데기","아버지"],330
231,소설,이야기 재구성,중급,"연오랑과 세오녀는 바위에 앉아 하늘을 바라보았다. 하늘에서 빛이 내려오자 그들은 일본으로 떠나가고, 신라에는 어둠이 깔렸다. 왕은 절망했으나 결국 다시 빛을 되찾았다.",["연오랑 세오녀","연오랑","세오녀"],370
232,소설,이야기 재구성,중급,"주몽은 알에서 태어나 자라났다. 그는 활쏘기에 뛰어났고, 결국 졸본부여를 떠나 새로운 나라 고구려를 세웠다.",["주몽신화","주몽"],360
233,소설,이야기 재구성,어려움,"박혁거세는 알에서 태어나 빛을 내뿜었다. 알이 깨지자 아름다운 사내아이가 나왔고, 온 나라 사람들이 신기해하며 그를 신라의 시조로 모셨다.",["박혁거세","박혁거세"],450
234,소설,이야기 재구성,초급,"알영은 우물 속에서 용마루와 함께 나타났다. 그녀의 모습은 빛나고 신비로웠으며, 훗날 박혁거세의 왕비가 되었다.",["알영신화","알영"],280
235,소설,이야기 재구성,중급,"김알지는 닭 울음소리와 함께 황금 궤 속에서 발견되었다. 그는 금빛 얼굴을 한 아이였고, 훗날 신라의 명문 김씨 가문의 시조가 되었다.",["김알지","김알지"],370
236,소설,이야기 재구성,중급,"수로왕은 구지봉에서 하늘에서 내려온 금합 속 여섯 알에서 태어났다. 백성들은 환호하며 그를 가락국의 임금으로 모셨다.",["가락국기","수로왕"],390
237,소설,이야기 재구성,초급,"가락국의 수로왕은 아유타국 공주 허황옥과 혼인하였다. 바다를 건너온 그녀는 붉은 배와 함께 신비한 보물을 가져왔다.",["가락국기","수로왕","허황옥"],320
238,소설,이야기 재구성,중급,"치우천황은 구리로 된 머리를 하고 전쟁의 신으로 불렸다. 그는 황제 헌원과 싸워 천둥과 안개로 적을 혼란케 했다.",["치우신화","치우천황","헌원"],360
239,소설,이야기 재구성,어려움,"동명왕 주몽은 강을 건널 때, 물고기와 자라들이 다리를 만들어 그를 도왔다. 그 장면을 본 백성들은 신성한 영웅을 따라 나섰다.",["주몽신화","주몽"],490
240,소설,이야기 재구성,중급,"가락국 시조 수로왕이 태어날 때, 하늘에서 붉은 줄이 내려와 땅에 닿았다. 그 줄을 따라 내려온 금빛 알 속에서 왕이 태어났다.",["가락국기","수로왕"],370
241,소설,이야기 재구성,중급,"옛날 옥황상제가 인간 세상에 벌을 내리려 하자, 자청비는 사람들을 위해 하늘의 명령을 거슬렀다. 그녀는 결국 인간들의 삶을 지켜내며 여신으로 숭배받았다.",["자청비신화","자청비"],350
242,소설,이야기 재구성,초급,"선덕여왕의 어린 시절, 그녀는 연못 속 개구리들의 울음을 듣고 백제의 군사들이 몰래 숨어 있다는 것을 알아챘다.",["선덕여왕 설화","선덕여왕"],300
243,소설,이야기 재구성,어려움,"바리데기는 저승의 신들에게 시련을 받으며도 굴복하지 않았다. 그녀는 일곱 번의 관문을 지나 마침내 영약을 얻어 부모의 생명을 구했다.",["바리데기","바리데기"],480
244,소설,이야기 재구성,중급,"연오랑과 세오녀가 떠난 뒤 신라 땅은 빛을 잃었다. 왕은 절망하며 제사를 올렸고, 그제야 바다는 길을 열어 다시 빛이 돌아왔다.",["연오랑 세오녀","연오랑","세오녀"],360
245,소설,이야기 재구성,초급,"가락국의 허황옥은 붉은 깃발을 달고 먼 바다를 건너왔다. 그녀는 수로왕과 혼인해 새로운 문화를 전해 주었다.",["가락국기","허황옥","수로왕"],300
246,소설,이야기 재구성,중급,"동명왕 주몽은 활을 쏘아 백 걸음을 날려 맞히곤 했다. 그의 신통한 능력은 백성들을 감탄하게 했고, 결국 왕으로 추대되었다.",["주몽신화","주몽"],370
247,소설,이야기 재구성,중급,"치우천황은 구리 머리와 쇠 이마를 지녔다. 전장에서 피를 마시며 싸웠던 그는 중국 대륙의 수많은 부족들에게 공포의 대상이었다.",["치우신화","치우천황"],350
248,소설,이야기 재구성,어려움,"단군은 홍익인간의 이념으로 나라를 다스렸다. 그의 통치는 백성들에게 평화와 번영을 가져왔으며, 고조선은 천년을 이어갔다.",["단군신화","단군"],490
249,소설,이야기 재구성,중급,"박혁거세가 태어나자, 하늘에서 빛이 쏟아지고 닭이 울었다. 사람들은 신비로운 징조라며 그를 신라의 임금으로 세웠다.",["박혁거세","박혁거세"],380
250,소설,이야기 재구성,초급,"알영은 용의 딸로 전해지며, 신비로운 기운을 지녔다. 그녀는 신라의 왕비가 되어 나라의 번영을 함께 이끌었다.",["알영신화","알영"],300
276,소설,이야기 재구성,중급,"아르주나는 전차 위에서 크리슈나의 가르침을 들었다. 전쟁을 앞두고 흔들리던 그는 결국 의무와 신의 뜻을 받아들였다.",["마하바라타","아르주나","크리슈나"],360
277,소설,이야기 재구성,초급,"라바나는 시타를 납치해 자신의 왕국으로 데려갔다. 라마와 라크슈마나는 그녀를 되찾기 위해 긴 여정을 떠났다.",["라마야나","라마","시타","라바나"],300
278,소설,이야기 재구성,어려움,"드라우파디는 주사위 도박의 결과로 굴욕을 당했다. 그러나 그녀의 맹세는 결국 전쟁의 불씨가 되었다.",["마하바라타","드라우파디","판두"],420
279,소설,이야기 재구성,중급,"하누만은 거대한 몸으로 바다를 뛰어넘어 라바나의 궁전에 도착했다. 그는 시타에게 라마의 반지를 전해 주었다.",["라마야나","하누만","시타","라마"],370
280,소설,이야기 재구성,중급,"카르나는 태생의 비밀을 알지 못한 채 쿠루크셰트라 전쟁에 참여했다. 그는 운명과 충성 사이에서 갈등했다.",["마하바라타","카르나","쿠루크셰트라"],350
281,소설,이야기 재구성,초급,"가네샤는 코끼리 머리를 가진 신으로 태어났다. 그의 지혜와 장난기는 신들과 인간들 모두에게 알려졌다.",["인도 신화","가네샤"],280
282,소설,이야기 재구성,어려움,"비슈누는 바다에 잠든 채 세계를 품었다. 그의 배꼽에서 자라난 연꽃 위에 브라흐마가 앉아 창조를 시작했다.",["인도 신화","비슈누","브라흐마"],460
283,소설,이야기 재구성,중급,"시바는 우주를 파괴하고 다시 창조하는 춤을 췄다. 그의 무도는 생명의 순환을 상징했다.",["인도 신화","시바"],330
284,소설,이야기 재구성,중급,"드로나는 쿠루 왕자들에게 무술을 가르쳤다. 그는 제자들에게 충성했지만 결국 전쟁에서 양쪽 사이에 갈라섰다.",["마하바라타","드로나"],340
285,소설,이야기 재구성,초급,"시타는 불 속에 들어가 정절을 증명했다. 그녀의 순결은 라마조차 의심할 수 없음을 보여주었다.",["라마야나","시타","라마"],310
286,소설,이야기 재구성,중급,"인드라는 천둥과 번개의 무기를 휘둘러 아수라들을 물리쳤다. 그는 신들의 왕으로서 질서를 지켰다.",["인도 신화","인드라"],350
287,소설,이야기 재구성,어려움,"비슈누는 거대한 바다거북으로 변해 산을 떠받쳤다. 신들과 아수라들이 젖은 바다를 휘저어 불사의 약을 찾았다.",["인도 신화","비슈누","암리타"],430
288,소설,이야기 재구성,중급,"크리슈나는 어린 시절 마을의 버터를 훔쳐 먹으며 장난을 쳤다. 그러나 그는 장차 세계를 구원할 신이었다.",["인도 신화","크리슈나"],320
289,소설,이야기 재구성,중급,"나크라는 어둠 속에서 태어난 뱀들이었다. 그들의 독은 인간과 신들에게 두려움의 대상이 되었다.",["인도 신화","나가"],350
290,소설,이야기 재구성,어려움,"드루바는 어린 나이에 숲에서 명상을 시작했다. 그의 극진한 기도는 비슈누를 감동시켜 하늘의 별자리로 승화되게 했다.",["인도 신화","드루바","비슈누"],400
291,소설,이야기 재구성,초급,"라마는 활을 들어 시바의 활시위를 당겼다. 그 순간 그는 왕국의 선택받은 영웅으로 증명되었다.",["라마야나","라마"],300
292,소설,이야기 재구성,중급,"가루다는 거대한 날개로 하늘을 가르며 날았다. 그는 독사의 저주를 이기고 불사의 음료를 신들에게 가져다주었다.",["인도 신화","가루다"],360
293,소설,이야기 재구성,어려움,"쿠루크셰트라 전투에서 비마는 철봉으로 수많은 적을 쓰러뜨렸다. 그러나 그의 분노는 전쟁의 피비린내를 더했다.",["마하바라타","비마"],420
294,소설,이야기 재구성,중급,"라바나는 시바에게 헌신적으로 노래를 불렀다. 그의 목소리는 천지를 울렸으나, 결국 교만이 그를 파멸시켰다.",["라마야나","라바나","시바"],370
295,소설,이야기 재구성,초급,"파르바티는 시바의 곁에서 사랑과 헌신을 다했다. 그녀의 인내는 결국 신들의 축복을 받았다.",["인도 신화","파르바티","시바"],310
296,소설,이야기 재구성,중급,"판두는 사냥에서 저주를 받아 아들들을 낳을 수 없게 되었다. 그러나 신들의 도움으로 다섯 영웅이 태어났다.",["마하바라타","판두","판다바"],360
297,소설,이야기 재구성,어려움,"사비트리는 남편의 목숨을 되찾기 위해 죽음의 신 야마를 따라갔다. 그녀의 지혜와 끈기는 남편을 되살렸다.",["인도 신화","사비트리","야마"],400
298,소설,이야기 재구성,중급,"나라다는 온 세상을 여행하며 신들과 인간 사이를 중재했다. 그의 음악은 어디서나 울려 퍼졌다.",["인도 신화","나라다"],350
299,소설,이야기 재구성,초급,"시바는 분노해 세 번째 눈을 열었다. 그 불길은 모든 것을 태워버릴 듯했다.",["인도 신화","시바"],300
300,소설,이야기 재구성,중급,"크리슈나는 플루트를 불며 소몰이 소년들과 함께 춤을 췄다. 그러나 그의 음악은 우주를 울리는 신성한 힘이었다.",["인도 신화","크리슈나"],360
301,소설,이야기 재구성,중급,"길가메시는 친구 엔키두와 함께 훔바바가 지키는 삼림으로 들어갔다. 거대한 괴물의 포효가 숲을 울리며 다가왔고, 두 영웅은 두려움 속에서도 검을 움켜쥐었다.",["길가메시 서사시","길가메시","엔키두","훔바바"],380
302,소설,이야기 재구성,어려움,"엔키두는 신들이 만든 야생의 사내였다. 그러나 창녀 샴하트와의 만남으로 문명의 음식을 먹고, 술을 마시며 인간의 길을 걷기 시작했다.",["길가메시 서사시","엔키두","샴하트"],400
303,소설,이야기 재구성,초급,"길가메시와 엔키두는 하늘의 황소를 쓰러뜨렸다. 피비린내가 대지를 적셨고, 우르크의 사람들은 그 승리를 기뻐했으나 신들의 분노는 거세졌다.",["길가메시 서사시","길가메시","엔키두","하늘의 황소"],300
304,소설,이야기 재구성,중급,"엔키두가 병상에서 신들의 저주를 받으며 고통스레 누워 있었다. 길가메시는 눈물을 흘리며 친구의 손을 붙잡고 있었으나, 죽음은 피할 수 없었다.",["길가메시 서사시","엔키두","길가메시"],370
305,소설,이야기 재구성,어려움,"길가메시는 영생을 찾기 위해 먼 길을 떠났다. 그는 산과 바다를 건너며 우트나피쉬팀을 찾아 나아갔다.",["길가메시 서사시","길가메시","우트나피쉬팀"],450
306,소설,이야기 재구성,초급,"대홍수에서 살아남은 우트나피쉬팀은 신들의 비밀을 길가메시에게 전했다. 그러나 영생의 풀은 결국 뱀에게 빼앗기고 말았다.",["길가메시 서사시","우트나피쉬팀","길가메시"],280
307,소설,이야기 재구성,중급,"여신 이슈타르는 길가메시에게 사랑을 고백했으나 거절당했다. 분노한 그녀는 하늘의 황소를 풀어 우르크를 공격하게 했다.",["길가메시 서사시","이슈타르","길가메시"],350
308,소설,이야기 재구성,중급,"엔키두는 꿈에서 신들의 회의를 보았다. 그는 자신이 죽음을 피할 수 없음을 깨닫고 절망에 빠졌다.",["길가메시 서사시","엔키두","신들"],340
309,소설,이야기 재구성,어려움,"길가메시는 지하세계로 들어가 죽은 자들의 그림자를 바라보았다. 그곳은 슬픔과 어둠으로 가득 차 있었고, 그는 더욱 두려움에 사로잡혔다.",["길가메시 서사시","길가메시","지하세계"],470
310,소설,이야기 재구성,초급,"엔키두는 신들이 보낸 사냥꾼에게 발견되었다. 그는 인간과 신의 세계 사이에서 운명을 맞이하게 되었다.",["길가메시 서사시","엔키두","사냥꾼"],300
311,소설,이야기 재구성,중급,"길가메시와 엔키두는 숲의 수호자 훔바바와 맞섰다. 불과 바람의 힘이 얽혀 싸움은 격렬해졌다.",["길가메시 서사시","길가메시","엔키두","훔바바"],360
312,소설,이야기 재구성,어려움,"길가메시는 신들의 거대한 궁전을 향해 나아갔다. 그는 불멸의 비밀을 얻고자 했으나, 신들은 인간에게 영원을 허락하지 않았다.",["길가메시 서사시","길가메시","신들"],480
313,소설,이야기 재구성,초급,"길가메시와 엔키두는 함께 술을 마시며 우정을 나눴다. 그 순간만큼은 왕과 야인이라는 차이를 잊었다.",["길가메시 서사시","길가메시","엔키두"],250
314,소설,이야기 재구성,중급,"우트나피쉬팀은 길가메시에게 홍수의 이야기를 들려주었다. 신들의 분노와 파괴 속에서 어떻게 살아남았는지를 고백했다.",["길가메시 서사시","우트나피쉬팀","길가메시"],360
315,소설,이야기 재구성,어려움,"길가메시는 영생의 비밀을 찾기 위해 바다 밑으로 잠수했다. 그러나 피곤과 절망이 그의 몸을 무겁게 짓눌렀다.",["길가메시 서사시","길가메시"],420
316,소설,이야기 재구성,초급,"엔키두는 꿈속에서 저승으로 끌려갔다. 신들의 심판이 기다리고 있었고, 그의 영혼은 떨고 있었다.",["길가메시 서사시","엔키두","신들"],290
317,소설,이야기 재구성,중급,"길가메시는 우트나피쉬팀의 시험을 견디지 못했다. 그는 영생이 아닌 인간으로서의 운명을 받아들여야 했다.",["길가메시 서사시","길가메시","우트나피쉬팀"],350
318,소설,이야기 재구성,중급,"엔키두는 죽기 전 길가메시에게 충고를 남겼다. 그는 권력과 영생보다 우정과 인간다움이 더 소중하다고 말했다.",["길가메시 서사시","엔키두","길가메시"],370
319,소설,이야기 재구성,어려움,"길가메시는 결국 우르크의 성벽 위에 서서 도시를 바라보았다. 그는 인간이 남길 수 있는 것은 영생이 아니라 업적과 기억임을 깨달았다.",["길가메시 서사시","길가메시","우르크"],490
320,소설,이야기 재구성,초급,"길가메시는 친구를 잃고 슬픔에 잠겼다. 그의 눈물은 왕의 권력보다 더 깊은 인간의 모습을 보여주었다.",["길가메시 서사시","길가메시","엔키두"],260
321,소설,이야기 재구성,중급,"이슈타르는 자신의 모욕을 잊지 못하고 신들에게 도움을 청했다. 그 결과 하늘의 황소가 풀려나 우르크를 짓밟았다.",["길가메시 서사시","이슈타르","하늘의 황소"],340
322,소설,이야기 재구성,어려움,"길가메시는 신들의 세계를 두드리며 답을 구했다. 그러나 인간의 목소리는 신들의 귀에 닿지 않았다.",["길가메시 서사시","길가메시","신들"],450
323,소설,이야기 재구성,초급,"길가메시와 엔키두는 처음 만났을 때 서로 격렬히 싸웠다. 그러나 곧 친구가 되어 세상을 함께 모험했다.",["길가메시 서사시","길가메시","엔키두"],280
324,소설,이야기 재구성,중급,"길가메시는 우트나피쉬팀에게 불멸을 시험받았다. 그는 잠들지 말라는 명령을 지키지 못하고 결국 실패했다.",["길가메시 서사시","길가메시","우트나피쉬팀"],370
325,소설,이야기 재구성,중급,"엔키두의 죽음은 길가메시의 삶을 송두리째 바꾸었다. 왕은 더 이상 권력자가 아니라, 죽음을 두려워하는 인간이 되었다.",["길가메시 서사시","엔키두","길가메시"],360
326,소설,이야기 재구성,중급,"고양이는 다다미방 구석에서 인간들의 대화를 지켜보며 그들의 어리석음을 비웃었다. 주인의 나약한 모습은 그의 눈에 더욱滑稽하게 비쳤다.",["나는 고양이로소이다","고양이","주인"],360
327,소설,이야기 재구성,어려움,"요조는 술과 여인 속에서 점점 무너졌다. 그는 웃음으로 절망을 감추려 했지만, 사회로부터 점차 이방인이 되어 갔다.",["인간 실격","요조"],420
328,소설,이야기 재구성,중급,"라쇼몬 문 아래, 하급 무사는 굶주린 채 노파가 시체에서 머리카락을 뽑는 모습을 지켜보았다. 그는 결국 자신의 도덕을 버리기로 결심했다.",["라쇼몽","무사","노파"],370
329,소설,이야기 재구성,중급,"화공 요시히데는 불타는 수레 속에 갇힌 딸을 바라보았다. 그는 비명 속에서도 그림의 완성을 위해 붓을 멈추지 않았다.",["지옥변","요시히데","딸"],360
330,소설,이야기 재구성,어려움,"시마무라는 눈 덮인 마을에서 고마코와 마주했다. 설경의 고요함 속에서 그들의 사랑은 애수로 가득 차 있었다.",["설국","시마무라","고마코"],430
331,소설,이야기 재구성,중급,"미조구치는 금각사의 빛나는 벽을 바라보며 집착을 키웠다. 그 아름다움은 그의 마음을 병들게 하며 파멸로 이끌었다.",["금각사","미조구치"],370
332,소설,이야기 재구성,초급,"나오미의 매혹은 남자의 삶을 점점 잠식해 갔다. 그는 사랑과 집착의 경계를 넘지 못한 채 무너졌다.",["세설","나오미","남자"],300
333,소설,이야기 재구성,중급,"버드는 기형을 가진 아이를 두고 도망칠지 책임질지 갈등했다. 그는 술잔 앞에서 무거운 현실을 삼켰다.",["개인적인 체험","버드","아이"],360
334,소설,이야기 재구성,어려움,"기코지는 찻잔 위로 피어오르는 무늬 속에서 죄와 욕망을 떠올렸다. 방 안에는 억눌린 숨결과 긴장이 가득했다.",["천 마리의 학","기코지"],410
335,소설,이야기 재구성,중급,"젊은 산시로는 도쿄 거리를 헤매며 낯선 세계에 당황했다. 그의 눈에는 새로운 삶의 불안이 비쳤다.",["산시로","산시로"],350
336,소설,이야기 재구성,중급,"다케야마는 아내와 마지막 밤을 보낸 뒤 검을 꺼냈다. 부부의 방은 정적 속에서 피로 물들기 시작했다.",["우국","다케야마","아내"],370
337,소설,이야기 재구성,초급,"노인은 잠든 소녀 곁에 앉아 조용히 숨을 골랐다. 소녀의 맑은 얼굴은 잊힌 청춘을 떠올리게 했다.",["잠자는 미녀들","노인","소녀"],280
338,소설,이야기 재구성,중급,"메로스는 묶여 있던 친구를 떠올리며 황량한 들판을 달렸다. 땀과 눈물이 흙먼지와 함께 뒤섞였다.",["달려라 메로스","메로스","친구"],360
339,소설,이야기 재구성,중급,"소년은 거대한 코 때문에 사람들의 웃음거리가 되었다. 그러나 코가 작아지자 이번엔 그 공허함에 괴로워했다.",["코","승려"],350
340,소설,이야기 재구성,어려움,"장교는 아내의 눈을 바라보며 마지막으로 미소 지었다. 그 후 방 안에는 두 개의 시신만이 남았다.",["우국","장교","아내"],420
341,소설,이야기 재구성,중급,"선생님은 젊은 제자에게 과거의 죄를 고백했다. 그의 목소리에는 깊은 절망이 서려 있었다.",["마음","선생님","제자"],360
342,소설,이야기 재구성,초급,"비가 내리는 문 앞에서 무사는 삶과 굶주림 사이에서 갈등했다. 그는 결국 어둠 속으로 발을 내디뎠다.",["라쇼몽","무사"],300
343,소설,이야기 재구성,중급,"소년은 고향의 들판을 걸으며 잊히지 않는 기억을 되새겼다. 그 길은 고독과 향수로 가득했다.",["쓰가루","소년"],360
344,소설,이야기 재구성,중급,"기코지와 치카코는 오래된 절의 그림자 속에서 마주 앉았다. 그들의 대화는 욕망과 적의로 얽혀 있었다.",["고도","기코지","치카코"],370
345,소설,이야기 재구성,어려움,"미조구치는 불타는 금각사의 환영을 바라보았다. 그의 마음은 집착과 파괴로 뒤엉켜 갔다.",["금각사","미조구치"],420
346,소설,이야기 재구성,중급,"소세키의 고양이는 주인과 손님들의 대화를 비웃듯 바라보았다. 그 눈빛은 인간 세상의 허영을 꿰뚫고 있었다.",["나는 고양이로소이다","고양이"],360
347,소설,이야기 재구성,초급,"버려진 문 밑에서 소년은 죽은 자의 옷을 움켜쥐었다. 눈 속에 남은 것은 두려움뿐이었다.",["라쇼몽","소년"],280
348,소설,이야기 재구성,중급,"남편은 아내의 일기를 몰래 읽었다. 글자 속에서 드러난 욕망은 그의 가슴을 흔들었다.",["열쇠","남편","아내"],360
349,소설,이야기 재구성,중급,"도쿄의 젊은이는 친구의 아내를 향한 마음을 억누르지 못했다. 그의 방황은 조용히 깊어져 갔다.",["그 후","다이스케","아내"],350
350,소설,이야기 재구성,어려움,"폭우가 쏟아지는 마을에서 사람들은 홍수를 피해 달아났다. 그러나 그들의 얼굴엔 이미 두려움과 광기가 번지고 있었다.",["홍수 이야기","마을 사람들"],430
376,소설,이야기 재구성,중급,"박태원은 서울 거리를 거닐며 군중과 풍경을 세밀하게 관찰했다. 일상적인 장면 속에서도 도시의 변화와 근대적 삶의 단면이 드러났다.",["소설가 구보씨의 일일","구보"],360
377,소설,이야기 재구성,초급,"봄날 담장 너머로 핀 진달래꽃을 바라보며 그는 떠나는 연인에게 조용히 꽃잎을 바쳤다. 이별의 슬픔이 꽃향기와 함께 번졌다.",["진달래꽃","화자"],280
378,소설,이야기 재구성,중급,"운수 좋은 날에 김 첨지는 비 오는 거리를 뛰어다니며 인력거를 끌었다. 뜻밖의 돈을 벌었지만 집으로 돌아왔을 때 아내는 이미 세상을 떠나 있었다.",["운수 좋은 날","김첨지"],420
379,소설,이야기 재구성,중급,"만무방은 기차역 앞에서 사람들을 속여 돈을 벌었다. 허름한 몰골과 교활한 언변은 당시 사회의 빈곤과 부패를 고스란히 보여주었다.",["만무방","만무방"],370
380,소설,이야기 재구성,어려움,"이인직의 허생전에서 허생은 한양의 부자들을 비웃으며 엄청난 양의 물품을 사들였다. 그는 기이한 거래를 통해 조선 사회의 모순을 드러냈다.",["허생전","허생"],460
381,소설,이야기 재구성,중급,"현진건의 빈처에서 젊은 남편은 가난 속에서도 자존심을 지키려 했다. 그러나 아내의 눈물 앞에서 무력감을 느끼며 좌절했다.",["빈처","남편","아내"],360
382,소설,이야기 재구성,초급,"광장에 홀로 서 있던 주인공은 북쪽과 남쪽 어디에도 속하지 못하는 자신을 자각했다. 그의 고독은 분단 현실의 비극을 상징했다.",["광장","이명준"],300
383,소설,이야기 재구성,중급,"삼대에서 조의관은 집안의 권위와 재산을 지키려 안간힘을 썼다. 그러나 아들 세대는 새로운 가치와 자유를 추구하며 부딪쳤다.",["삼대","조의관"],350
384,소설,이야기 재구성,중급,"태백산맥 속 산골 마을에는 좌익과 우익의 갈등이 번졌다. 주민들은 가족과 이웃을 의심하며 서로에게 총을 겨누어야 했다.",["태백산맥","마을 사람들"],400
385,소설,이야기 재구성,어려움,"난쏘공의 젊은 노동자는 지하 단칸방에서 희망 없는 나날을 보냈다. 술과 허무 속에서도 그는 삶의 의미를 애써 붙잡으려 했다.",["난장이가 쏘아올린 작은 공","난장이"],470
386,소설,이야기 재구성,중급,"토지에서 최참판댁 마당은 늘 소작농들의 원망과 기대가 뒤섞여 있었다. 땅을 둘러싼 갈등은 곧 사람들의 운명을 바꾸는 힘이었다.",["토지","최참판댁 사람들"],380
387,소설,이야기 재구성,중급,"황석영의 손님에서 전쟁 이후 마을은 고향을 지키려는 자와 떠나려는 자로 갈라졌다. 피의 기억은 세대를 넘어 계속 이어졌다.",["손님","마을 사람들"],360
388,소설,이야기 재구성,초급,"김유정의 동백꽃 속 처녀는 장난스러운 소년을 향해 화를 내며 닭을 쫓았다. 해맑은 시골 풍경 속 순박한 사랑이 피어났다.",["동백꽃","소년","처녀"],280
389,소설,이야기 재구성,중급,"오발탄의 주인공은 전쟁의 상처와 가난 속에서 가족을 부양하려 애썼다. 그러나 절망의 현실은 그를 점점 더 몰아붙였다.",["오발탄","철호"],350
390,소설,이야기 재구성,중급,"광장 시장에서 상인들은 삶을 걸고 물건을 팔았다. 그들의 목소리와 몸짓은 치열한 생존의 풍경을 담아냈다.",["시장","상인들"],330
391,소설,이야기 재구성,중급,"김동인의 감자에서 복녀는 굶주림에 시달리다 결국 도둑질을 저질렀다. 절망적인 삶은 인간의 본능을 드러냈다.",["감자","복녀"],360
392,소설,이야기 재구성,중급,"윤흥길의 아홉 켤레의 구두로 남은 사내에서 그는 아들의 장례를 치르며 낡은 구두를 끌어안았다. 고통은 그의 삶을 끝없이 무너뜨렸다.",["아홉 켤레의 구두로 남은 사내","아버지"],390
393,소설,이야기 재구성,어려움,"박완서의 나목에서 전쟁 직후의 황량한 서울 거리는 폐허와 고아들로 가득했다. 무너진 삶의 잔해 속에서도 사람들은 생존을 위해 발버둥쳤다.",["나목","인물들"],420
394,소설,이야기 재구성,중급,"김훈의 칼의 노래에서 이순신은 바다 위에서 외로운 결단을 내렸다. 조국과 백성을 지키기 위해 그는 생명을 걸었다.",["칼의 노래","이순신"],360
395,소설,이야기 재구성,초급,"봄봄의 총각은 장인의 농사일을 돕다 늘 속으로 불만을 삼켰다. 하지만 장인의 꾀에 휘말려 결혼도 미뤄져야 했다.",["봄봄","총각","장인"],300
396,소설,이야기 재구성,중급,"이청준의 당신들의 천국에서 소록도의 원생들은 자유를 갈망했다. 그러나 그들을 돕겠다는 이들의 손길조차 또 다른 억압이 되었다.",["당신들의 천국","원생들"],380
397,소설,이야기 재구성,중급,"순수 문학을 꿈꾸던 청년은 출판사 편집자의 조언 속에서 현실과 이상 사이에서 흔들렸다. 글쓰기는 곧 생존의 문제였다.",["문학청년","청년"],330
398,소설,이야기 재구성,중급,"채만식의 탁류에서 군산 항구는 탐욕과 허영의 상징이었다. 그곳에서 사람들은 끝없이 돈과 권력을 좇았다.",["탁류","인물들"],350
399,소설,이야기 재구성,중급,"최서해의 탈출기에서 주인공은 굶주림과 억압을 피해 만주로 향했다. 그러나 그 길에서 또 다른 고난이 기다리고 있었다.",["탈출기","주인공"],370
400,소설,이야기 재구성,어려움,"염상섭의 삼대 집안은 전통과 근대가 충돌하는 장이었다. 세대 간 갈등과 욕망은 조선 사회의 단면을 비추었다.",["삼대","인물들"],460
401,소설,이야기 재구성,중급,"어린 시절 시골 마당은 자연과 가난이 공존하는 배움터였다. 아이의 눈에는 모든 것이 신비로웠다.",["그 많던 싱아는 누가 다 먹었을까"],370
402,소설,이야기 재구성,초급,"총각은 장인의 농사일에 지쳐도 웃음을 잃지 않았다. 순박한 삶 속에는 얄궂은 희극이 숨어 있었다.",["봄봄"],290
403,소설,이야기 재구성,중급,"서희는 땅을 지키려는 의지와 집안의 무게 사이에서 흔들렸다. 그의 선택은 한 마을의 운명을 바꾸는 힘이었다.",["토지"],380
404,소설,이야기 재구성,중급,"억압받는 민중의 분노를 품고 산속에서 무리를 이끌던 그는 저항과 자유의 상징이 되었다.",["장길산"],360
405,소설,이야기 재구성,어려움,"주인공은 말하지 못한 진실의 무게에 눌려 괴로워했다. 소문은 그를 점점 고립시켜 갔다.",["소문의 벽"],450
406,소설,이야기 재구성,중급,"손주는 마지막 순간을 지켜보며 세대의 단절과 죽음의 슬픔을 처음으로 체감했다.",["할머니의 죽음"],370
407,소설,이야기 재구성,중급,"식민지 조선인들은 만주 벌판을 떠돌며 삶의 터전을 일궜다. 그들의 땀은 눈물과 굴욕으로 얼룩졌다.",["아리랑"],390
408,소설,이야기 재구성,초급,"달빛 아래 핀 메밀꽃은 두 사람의 인연을 은은하게 비춰주었다.",["메밀꽃 필 무렵"],300
409,소설,이야기 재구성,중급,"화자는 도시 생활 속의 위선과 허영을 목격했다. 사람들의 체면 뒤에는 불안과 공허가 숨어 있었다.",["그 남자네 집"],360
410,소설,이야기 재구성,어려움,"어린 화자는 비 내리는 마을에서 이념의 갈등으로 찢어진 가족을 보았다. 장마는 끝나지 않는 비극의 은유였다.",["장마"],420
411,소설,이야기 재구성,중급,"늙은 무녀는 아들과 갈라서며 전통과 새로운 신앙의 충돌을 보여주었다.",["무녀도"],350
412,소설,이야기 재구성,중급,"여인은 눈 내리는 서울 거리를 홀로 걸으며 사랑과 고독을 되새겼다.",["겨울여자"],340
413,소설,이야기 재구성,중급,"실직한 지식인은 굴욕적인 구직 과정 속에서 자신의 무가치함을 절감했다.",["레디메이드 인생"],360
414,소설,이야기 재구성,초급,"소년은 녹아내리는 눈사람을 보며 덧없는 인생을 어렴풋이 깨달았다.",["눈사람"],280
415,소설,이야기 재구성,중급,"화자는 젖은 골목을 걸으며 잃어버린 청춘의 기억을 떠올렸다.",["비 오는 날"],340
416,소설,이야기 재구성,중급,"영혜는 고기를 거부하며 점점 다른 세계로 걸어 들어갔다. 가족의 시선은 그녀를 더욱 고립시켰다.",["채식주의자"],380
417,소설,이야기 재구성,중급,"청년들은 허무한 일상 속에서 기묘한 사건들을 겪으며 세상의 부조리를 비꼬았다.",["카스테라"],350
418,소설,이야기 재구성,중급,"유정은 사형수와의 만남 속에서 삶과 죽음의 의미를 새롭게 발견했다.",["우리들의 행복한 시간"],370
419,소설,이야기 재구성,초급,"기억이 흐려진 노인은 잔혹한 비밀을 쫓으며 자신의 정체를 확인하려 했다.",["살인자의 기억법"],310
420,소설,이야기 재구성,중급,"조로증을 앓는 소년은 짧은 생을 통해 사랑과 가족의 진실을 보여주었다.",["두근두근 내 인생"],360
421,소설,이야기 재구성,중급,"소녀는 가부장적 억압 속에서도 자신만의 세계를 지켜나가려 했다.",["새의 선물"],340
422,소설,이야기 재구성,중급,"가족은 사라진 엄마를 찾아다니며 잃어버린 사랑과 기억을 되새겼다.",["엄마를 부탁해"],370
423,소설,이야기 재구성,중급,"서른의 여자는 연애와 일 사이에서 정체성의 혼란을 겪었다.",["달콤한 나의 도시"],350
424,소설,이야기 재구성,중급,"인조는 눈보라 속에서 항복을 결단하며 백성을 구하고자 했다.",["남한산성"],380
425,소설,이야기 재구성,어려움,"주인공은 주변의 침묵 속에서 인간 존재의 외로움과 구속을 탐색했다.",["식물들의 사생활"],420
426,소설,이야기 재구성,중급,"“에구머니나! 이게 웬일이야.” 그는 부엌에 쓰러져 있는 아내를 보고 허겁지겁 달려들었다.",["운수 좋은 날"],360
427,소설,이야기 재구성,중급,"“에그머니나, 저놈의 닭은 또 어디로 갔을꼬.” 처녀는 성이 나서 소년을 쫓았다.",["동백꽃"],340
428,소설,이야기 재구성,중급,"산골에는 달빛이 환하고 메밀꽃은 흐드러지게 피었다. 허생원은 먼 길을 걸어가며 옛 추억을 떠올렸다.",["메밀꽃 필 무렵"],380
429,소설,이야기 재구성,중급,"“흥, 그것도 모르느냐. 나는 원래 서울 가던 길이었다.” 만무방은 능청스럽게 웃었다.",["만무방"],360
430,소설,이야기 재구성,중급,"복녀는 감자를 훔치다 들켜 꾸중을 들었다. 그는 얼굴을 붉히며 고개를 숙였다.",["감자"],350
431,소설,이야기 재구성,중급,"총각은 장인의 농사일에 부지런히 매달리면서도 속으로는 불만을 삭이고 있었다.",["봄봄"],360
432,소설,이야기 재구성,중급,"“나는 아직 밥을 못 먹었다.” 구보는 허리를 굽히고 가만히 거리를 걸었다.",["소설가 구보씨의 일일"],370
433,소설,이야기 재구성,중급,"“너는 왜 울고 있느냐.” 소년은 눈물을 닦으며 하늘을 올려다보았다.",["무정"],340
434,소설,이야기 재구성,어려움,"기차는 느릿느릿 달리고, 객차 안에는 피곤한 얼굴들이 어지럽게 흔들렸다.",["탈출기"],400
435,소설,이야기 재구성,중급,"조의관은 안락의자에 앉아 연신 담배를 피우며 무거운 생각에 잠겨 있었다.",["삼대"],360
436,소설,이야기 재구성,중급,"허생은 돈을 꾸어 어마어마한 양의 물품을 사들였다. 사람들은 그 기이한 거래를 수군거렸다.",["허생전"],390
437,소설,이야기 재구성,중급,"소년은 산길을 달리며 휘파람을 불었다. 그의 발걸음은 가볍고도 씩씩하였다.",["소년"],340
438,소설,이야기 재구성,중급,"“어이구, 이놈의 세상두 각박허지.” 늙은이는 곡괭이를 짚고 땀을 훔쳤다.",["고향"],350
439,소설,이야기 재구성,중급,"골목 어귀에서 개구쟁이 아이들이 구슬치기를 하며 떠들썩하게 웃고 있었다.",["벽공무한"],330
440,소설,이야기 재구성,중급,"낡은 주막에 모여 앉은 사람들은 막걸리 잔을 돌리며 세상 이야기를 나누었다.",["탁류"],360
441,소설,이야기 재구성,중급,"아내는 눈물을 훔치며 밥상을 물리고, 남편은 무겁게 고개를 숙였다.",["빈처"],350
442,소설,이야기 재구성,중급,"달빛은 고요히 대지를 덮고, 들녘에는 풀벌레 소리만이 가득했다.",["백치 아다다"],340
443,소설,이야기 재구성,중급,"“에구머니, 날도 더운데 이 고생을 언제까지 해야 할꼬.” 농부는 허리를 폈다.",["농군"],350
444,소설,이야기 재구성,중급,"아이들은 장터 앞에 모여 굽는 풀빵 냄새를 맡으며 군침을 삼켰다.",["소년행"],330
445,소설,이야기 재구성,중급,"“아이구머니, 나 죽네.” 남자는 허겁지겁 뛰어가다 돌부리에 걸려 넘어졌다.",["운수 좋은 날"],350
446,소설,이야기 재구성,중급,"“나는 서울엘 가야겠다.” 그는 주먹을 불끈 쥐며 고향집을 떠났다.",["고향"],360
447,소설,이야기 재구성,중급,"소녀는 꽃송이를 손에 쥐고 수줍은 듯 얼굴을 붉혔다.",["동백꽃"],320
448,소설,이야기 재구성,중급,"바람은 산허리를 스쳐가며 메밀밭을 하얗게 흔들어 놓았다.",["메밀꽃 필 무렵"],360
449,소설,이야기 재구성,중급,"“하이고, 세상에 이런 일도 다 있나.” 장터 사람들은 서로 얼굴을 마주보며 혀를 찼다.",["만무방"],350
450,소설,이야기 재구성,중급,"아이는 허기진 배를 움켜쥐고 감자를 몰래 품 속에 감추었다.",["감자"],340
451,소설,이야기 재구성,중급,"바닷바람은 세차게 불고, 갯마을 사람들은 그물질을 하느라 분주하였다.",["갯마을"],360
452,소설,이야기 재구성,중급,"어두운 방 안, 그는 촛불 앞에서 고개를 떨구고 깊은 생각에 잠겨 있었다.",["표본실의 청개구리"],350
453,소설,이야기 재구성,중급,"골목 안 작은 집에는 병든 아버지를 돌보는 소년의 가냘픈 숨결만이 감돌았다.",["아버지"],370
454,소설,이야기 재구성,중급,"이른 새벽 장터에는 땀 흘리며 물건을 내다 파는 아낙네들의 목소리가 넘쳐흘렀다.",["시장과 전장"],360
455,소설,이야기 재구성,중급,"“나는 무엇을 위해 글을 쓰는가.” 그는 종이 위에 펜을 굴리다 이내 멈추었다.",["광인일기"],340
456,소설,이야기 재구성,중급,"밤하늘에 별이 총총하고, 산골 마을은 고요한 침묵 속에 잠겨 있었다.",["산골 아이들"],350
457,소설,이야기 재구성,중급,"“그대는 왜 나를 떠났는가.” 여인은 낡은 편지를 붙잡고 눈물을 떨구었다.",["사랑손님과 어머니"],360
458,소설,이야기 재구성,중급,"장돌뱅이는 길 위에서 목이 터져라 소리를 지르며 물건을 팔았다.",["장돌뱅이"],340
459,소설,이야기 재구성,중급,"가난한 집 처마 밑에는 굶주린 아이들의 울음소리가 밤새 이어졌다.",["고향집"],360
460,소설,이야기 재구성,중급,"“아씨, 날이 저물었습니다.” 하녀는 촛불을 들고 주인의 곁에 서 있었다.",["운영전"],370
461,소설,이야기 재구성,중급,"낡은 여관방, 그곳에서 나그네는 쓸쓸히 담배 연기를 내뿜었다.",["빈청"],350
462,소설,이야기 재구성,중급,"넓은 들판 위로 소몰이꾼의 구령 소리가 메아리쳤다.",["소년과 소"],340
463,소설,이야기 재구성,중급,"산길을 내려오는 수레에는 고단한 농부의 얼굴이 깊게 패여 있었다.",["고향 사람들"],360
464,소설,이야기 재구성,중급,"비 오는 날, 주막 안에는 젖은 옷을 말리며 막걸리 잔을 돌리는 이들로 가득했다.",["주막"],370
465,소설,이야기 재구성,중급,"“얘야, 너는 커서 무엇이 되고 싶으냐.” 어머니의 물음에 소년은 대답하지 못했다.",["소년의 꿈"],350
466,소설,이야기 재구성,중급,"부두에는 짐을 나르는 인부들의 고된 숨소리만이 들려왔다.",["항구"],360
467,소설,이야기 재구성,중급,"외로운 노인은 강가에 앉아 물살에 떠내려가는 나뭇가지를 바라보았다.",["강촌"],350
468,소설,이야기 재구성,중급,"장마로 불어난 개울물은 다리를 집어삼킬 듯 요동쳤다.",["장마 전날"],340
469,소설,이야기 재구성,중급,"산비탈 밭에서 삽질하던 농부는 허리를 펴고 땀을 훔쳤다.",["농부의 하루"],350
470,소설,이야기 재구성,중급,"초가집 앞에는 헐벗은 아이들이 모여 흙장난을 하고 있었다.",["시골 아이들"],360
471,소설,이야기 재구성,중급,"서당 훈장은 글을 더듬는 아이를 꾸짖으며 회초리를 들었다.",["서당 풍경"],340
472,소설,이야기 재구성,중급,"새벽안개가 들녘을 덮고, 닭이 울자 마을은 서서히 깨어났다.",["새벽"],350
473,소설,이야기 재구성,중급,"낡은 책방 구석에는 먼지가 쌓인 고서적들이 무더기로 놓여 있었다.",["헌책방"],360
474,소설,이야기 재구성,중급,"산사에는 목탁 소리만이 울려 퍼지며 고요한 적막을 깨뜨렸다.",["산사 풍경"],350
475,소설,이야기 재구성,중급,"외양간에 매인 소는 주인을 기다리듯 느릿느릿 되새김질을 하고 있었다.",["농가 풍경"],340
476,소설,이야기 재구성,중급,"“아버지를 아버지라 부르지 못하고, 형을 형이라 부르지 못하니…” 홍길동은 서러움에 눈물을 흘렸다.",["홍길동전"],380
477,소설,이야기 재구성,중급,"홍길동은 도술을 부려 적진을 혼란에 빠뜨리고 홀연히 사라졌다.",["홍길동전"],360
478,소설,이야기 재구성,중급,"“사또, 이 몸은 이 도령의 정실이옵니다.” 춘향은 매를 맞으면서도 기개를 굽히지 않았다.",["춘향전"],400
479,소설,이야기 재구성,중급,"옥에 갇힌 춘향은 비단 수건으로 눈물을 씻으며 이몽룡만을 기다렸다.",["춘향전"],360
480,소설,이야기 재구성,중급,"심청은 맹인 아버지를 위해 인당수에 몸을 던졌다.",["심청전"],380
481,소설,이야기 재구성,중급,"용왕은 심청을 불쌍히 여겨 연꽃 속에 앉혀 세상으로 다시 돌려보냈다.",["심청전"],360
482,소설,이야기 재구성,중급,"흥부는 부러진 박씨를 심어 금은보화가 쏟아져 나오는 것을 보고 크게 기뻐했다.",["흥부전"],370
483,소설,이야기 재구성,중급,"놀부가 박을 타자 괴물들이 튀어나와 집안을 쑥대밭으로 만들었다.",["흥부전"],360
484,소설,이야기 재구성,중급,"장화와 홍련은 계모의 모함으로 억울하게 죽음을 맞았다.",["장화홍련전"],380
485,소설,이야기 재구성,중급,"억울함을 풀어달라는 장화·홍련의 원혼은 꿈속에 관아에 나타났다.",["장화홍련전"],360
486,소설,이야기 재구성,중급,"“아씨, 밤이 깊었나이다.” 운영은 은밀한 사랑의 글을 쓰며 눈시울을 붉혔다.",["운영전"],370
487,소설,이야기 재구성,중급,"운영은 궁녀의 신분을 한탄하며 비단 위에 눈물 어린 시를 남겼다.",["운영전"],360
488,소설,이야기 재구성,중급,"양소유는 꿈속에서 팔선녀를 만나 화려한 선계로 들어갔다.",["구운몽"],390
489,소설,이야기 재구성,중급,"꿈에서 깨어난 양소유는 모든 것이 덧없음을 깨닫고 출가를 결심했다.",["구운몽"],360
490,소설,이야기 재구성,중급,"박색이라 천대받던 배비장이 기생 옥단춘을 만나 기묘한 인연을 맺었다.",["배비장전"],370
491,소설,이야기 재구성,중급,"옹고집은 고집을 부리다 도깨비에게 혼쭐이 나자 비로소 마음을 고쳐먹었다.",["옹고집전"],360
492,소설,이야기 재구성,중급,"사씨는 교활한 교씨의 모함으로 쫓겨나 깊은 한을 품었다.",["사씨남정기"],370
493,소설,이야기 재구성,중급,"남편 윤지완은 사씨의 억울함을 알게 되어 진실을 밝혀냈다.",["사씨남정기"],360
494,소설,이야기 재구성,중급,"토끼는 용왕의 계책을 눈치채고 재빨리 바다를 탈출했다.",["토끼전"],370
495,소설,이야기 재구성,중급,"자라가 토끼의 간을 구하려다 속임수에 넘어가 한탄했다.",["토끼전"],360
496,소설,이야기 재구성,중급,"임진왜란 때 곽재우 장군은 붉은 옷을 입고 의병을 이끌며 왜적을 물리쳤다.",["곽재우전"],380
497,소설,이야기 재구성,중급,"최척과 그의 아내는 난리를 피해 떠돌다 끝내 헤어지게 되었다.",["최척전"],370
498,소설,이야기 재구성,중급,"최척은 고국을 떠나 이역만리에서 외로이 눈물을 삼켰다.",["최척전"],360
499,소설,이야기 재구성,중급,"춘향은 매를 맞으면서도 ‘일편단심’의 노래를 읊조렸다.",["춘향전"],370
500,소설,이야기 재구성,중급,"홍길동은 의적이 되어 가난한 백성에게 재물을 나누어주었다.",["홍길동전"],380
501,소설,이야기 재구성,중급,"심청은 맹인 아버지를 위해 공양미 삼백 석에 몸값을 팔았다.",["심청전"],380
502,소설,이야기 재구성,중급,"심 봉사는 잃었던 눈을 뜨고 앞에 선 딸 심청을 알아보고 눈물을 흘렸다.",["심청전"],370
503,소설,이야기 재구성,중급,"흥부는 제비 다리를 정성껏 고쳐주고는 박씨를 선물로 받았다.",["흥부전"],360
504,소설,이야기 재구성,중급,"놀부는 흥부가 부자가 된 사정을 듣고 일부러 제비 다리를 꺾어놓았다.",["흥부전"],360
505,소설,이야기 재구성,중급,"춘향은 이몽룡과 처음 만나 사랑의 맹세를 나누었다.",["춘향전"],380
506,소설,이야기 재구성,중급,"옥중의 춘향은 옥살이를 하면서도 시 한 수를 읊으며 절개를 지켰다.",["춘향전"],370
507,소설,이야기 재구성,중급,"홍길동은 활빈당을 조직해 탐관오리의 재물을 빼앗아 백성에게 나누어주었다.",["홍길동전"],390
508,소설,이야기 재구성,중급,"홍길동은 서자로 태어나 집을 떠나며 ‘이 몸이 하늘을 떠받들 듯 큰 뜻을 품으리라’ 다짐했다.",["홍길동전"],380
509,소설,이야기 재구성,중급,"토끼는 용궁에서 잔치를 즐기며 꾀를 내 탈출할 기회를 엿보았다.",["토끼전"],370
510,소설,이야기 재구성,중급,"용왕은 병을 고치겠다며 토끼의 간을 가져오라고 명하였다.",["토끼전"],360
511,소설,이야기 재구성,중급,"장화·홍련의 억울한 혼은 고을 원님의 꿈에 나타나 하소연하였다.",["장화홍련전"],380
512,소설,이야기 재구성,중급,"원님은 장화·홍련의 원통한 사연을 듣고 계모를 엄벌에 처했다.",["장화홍련전"],370
513,소설,이야기 재구성,중급,"양소유는 과거에 장원 급제하여 영화를 누렸다.",["구운몽"],360
514,소설,이야기 재구성,중급,"구운몽의 꿈에서 깬 양소유는 인생무상을 절감하고 불도에 귀의했다.",["구운몽"],370
515,소설,이야기 재구성,중급,"운영은 임금을 사모하며 궁중의 규율 속에 갇힌 자신의 운명을 한탄했다.",["운영전"],370
516,소설,이야기 재구성,중급,"운영은 몰래 쓴 시편을 벽장 속에 숨겨두었다.",["운영전"],350
517,소설,이야기 재구성,중급,"사씨는 시댁에서 교씨의 모함으로 쫓겨나 어린 자식을 데리고 눈물을 삼켰다.",["사씨남정기"],370
518,소설,이야기 재구성,중급,"결국 진실이 밝혀져 교씨는 벌을 받고, 사씨는 가문의 정실 자리를 되찾았다.",["사씨남정기"],380
519,소설,이야기 재구성,중급,"옹고집은 도깨비의 장난으로 자기 모습과 똑같은 ‘또 다른 옹고집’을 만나 혼쭐이 났다.",["옹고집전"],360
520,소설,이야기 재구성,중급,"배비장은 제주목사로 부임해 기생 옥단춘을 시험하다가 결국 속수무책으로 빠져들었다.",["배비장전"],370
521,소설,이야기 재구성,중급,"최척은 병자호란의 난리를 피해 가족과 헤어져 눈물을 흘렸다.",["최척전"],360
522,소설,이야기 재구성,중급,"마침내 최척은 아내와 재회했으나 세월의 풍파로 서로 변해 있었다.",["최척전"],370
523,소설,이야기 재구성,중급,"곽재우는 홍의장군이라 불리며 백성의 지지를 받아 의병을 이끌었다.",["곽재우전"],380
524,소설,이야기 재구성,중급,"이순신은 명량해전에서 열두 척의 배로 왜군을 크게 무찔렀다.",["난중일기"],390
525,소설,이야기 재구성,중급,"을지문덕은 수나라 대군을 살수에서 격파하여 고려의 기상을 드높였다.",["을지문덕전"],390
526,소설,이야기 재구성,중급,"“아씨, 부디 몸조심하소서.” 옥단춘은 떠나는 배비장을 향해 눈물을 글썽였다.",["배비장전"],370
527,소설,이야기 재구성,중급,"옹고집은 도깨비 방망이에 얻어맞고 그제야 고집을 꺾고 울부짖었다.",["옹고집전"],360
528,소설,이야기 재구성,중급,"최척은 밤마다 아내의 꿈을 꾸며 이역만리에서 슬피 울었다.",["최척전"],370
529,소설,이야기 재구성,중급,"정수동은 장터에서 시 한 수를 읊으며 사람들의 박수를 받았다.",["정수동전"],360
530,소설,이야기 재구성,중급,"박색의 기생이 시 한 수로 손님들을 압도하니 모두가 감탄하였다.",["계녀전"],350
531,소설,이야기 재구성,중급,"장길산은 산채에 앉아 백성들의 원망을 듣고 분노하였다.",["장길산전"],370
532,소설,이야기 재구성,중급,"박씨 부인은 왜적의 칼 앞에서도 태연히 웃으며 나라의 위엄을 세웠다.",["박씨전"],380
533,소설,이야기 재구성,중급,"장화는 억울함을 하늘에 호소하며 흐느꼈다.",["장화홍련전"],350
534,소설,이야기 재구성,중급,"홍계월은 장군의 갑옷을 입고 적진을 무찌르며 이름을 떨쳤다.",["홍계월전"],390
535,소설,이야기 재구성,중급,"소대성은 집안을 멸망시킨 원수를 찾아 밤마다 칼을 갈았다.",["소대성전"],370
536,소설,이야기 재구성,중급,"이춘풍은 기생의 유혹에 빠져 집안을 기울게 하였다.",["이춘풍전"],360
537,소설,이야기 재구성,중급,"김원전의 여인은 불행한 결혼을 한탄하며 깊은 한숨을 쉬었다.",["김원전"],350
538,소설,이야기 재구성,중급,"양산백과 축영대는 서책을 함께 읽으며 우정을 맺었다.",["양산백전"],370
539,소설,이야기 재구성,중급,"장자못에 빠진 여인은 원혼이 되어 못가에 울부짖었다.",["장자못전"],360
540,소설,이야기 재구성,중급,"윤리학자는 제자의 배움을 시험하며 가르침을 엄하게 주었다.",["명심보감 해설"],350
541,소설,이야기 재구성,중급,"김현감호에서 호랑이는 여인의 모습으로 나타나 청년을 현혹하였다.",["김현감호"],380
542,소설,이야기 재구성,중급,"구미호는 달빛 아래에서 홀로 울며 자신의 운명을 저주했다.",["구미호전"],370
543,소설,이야기 재구성,중급,"만복사 저녁에 총각은 불당에서 기도를 올리다 아름다운 여인을 만났다.",["만복사저포기"],380
544,소설,이야기 재구성,중급,"금오신화의 취유부벽정기에서 선비는 꿈속에서 신비한 여인을 만났다.",["취유부벽정기"],390
545,소설,이야기 재구성,중급,"용궁에 간 총각은 비단 옷과 진귀한 음식을 대접받으며 세상을 잊었다.",["용궁담"],370
546,소설,이야기 재구성,중급,"두견새는 슬피 울며 자신의 슬픈 전설을 노래하였다.",["두견새전"],360
547,소설,이야기 재구성,중급,"임경업 장군은 압록강을 건너며 장수를 모아 결의를 다졌다.",["임경업전"],390
548,소설,이야기 재구성,중급,"박문수는 암행어사로 변장하여 백성들의 억울한 사정을 살폈다.",["박문수전"],370
549,소설,이야기 재구성,중급,"허생원은 장터에서 장사꾼들을 꺾으며 날카로운 눈빛을 보였다.",["허생전"],360
550,소설,이야기 재구성,중급,"왕후는 나라의 흥망을 근심하며 깊은 궁궐 안에서 눈물을 흘렸다.",["궁중야담"],370
551,소설,이야기 재구성,중급,"돈키호테는 풍차를 거대한 거인이라 착각하고 창을 들고 달려들었다.",["돈키호테"],390
552,소설,이야기 재구성,중급,"햄릿은 ‘사느냐 죽느냐, 그것이 문제로다’라며 인생의 고뇌를 토로했다.",["햄릿"],370
553,소설,이야기 재구성,중급,"엘리자베스는 다아시 씨의 고백을 듣고 마음속의 오해가 풀리는 것을 느꼈다.",["오만과 편견"],360
554,소설,이야기 재구성,중급,"에마는 자신이 벌인 서투른 중매가 친구를 상처 입힌 것을 깨닫고 괴로워했다.",["에마"],350
555,소설,이야기 재구성,중급,"어린 소년 올리버는 ‘제발, 죽 더 주세요’라며 간청했다.",["올리버 트위스트"],380
556,소설,이야기 재구성,중급,"에스더는 황폐한 저택에서 미스 해비셤을 만나 결혼식 드레스를 입은 채 멈춰버린 삶을 보았다.",["위대한 유산"],390
557,소설,이야기 재구성,중급,"장 발장은 굶주린 조카들을 위해 빵 한 조각을 훔쳤다가 체포되었다.",["레 미제라블"],380
558,소설,이야기 재구성,중급,"가브로슈는 바리케이드 위에서 노래를 부르며 총알 세례 속에 쓰러졌다.",["레 미제라블"],390
559,소설,이야기 재구성,중급,"라스콜리니코프는 노파를 도끼로 살해한 뒤 죄책감에 시달렸다.",["죄와 벌"],400
560,소설,이야기 재구성,중급,"프린스 안드레이는 전쟁터에서 하늘의 푸르름을 바라보며 생의 무상함을 느꼈다.",["전쟁과 평화"],390
561,소설,이야기 재구성,중급,"안나 카레니나는 기차역에서 비극적인 결단을 내리고 레일 위에 몸을 던졌다.",["안나 카레니나"],380
562,소설,이야기 재구성,중급,"피에르 베주호프는 모스크바의 불타는 거리에서 백성들의 고통을 목격했다.",["전쟁과 평화"],370
563,소설,이야기 재구성,중급,"도리아ン 그레이는 자신의 초상화가 늙어가는 것을 보고 섬뜩한 미소를 지었다.",["도리언 그레이의 초상"],390
564,소설,이야기 재구성,중급,"프랑켄슈타인의 피조물은 창조주에게 외로움과 동반자를 갈망했다.",["프랑켄슈타인"],370
565,소설,이야기 재구성,중급,"지킬 박사는 약을 마신 뒤 괴물 하이드로 변모하였다.",["지킬 박사와 하이드"],380
566,소설,이야기 재구성,중급,"셜록 홈즈는 파이프를 문 채 베이커가의 의자에 앉아 사건의 단서를 추리했다.",["셜록 홈즈의 모험"],370
567,소설,이야기 재구성,중급,"드라큘라는 어두운 성에서 조너선 하커를 사슬처럼 붙잡았다.",["드라큘라"],390
568,소설,이야기 재구성,중급,"제인 에어는 불타는 저택에서 로체스터를 구해내며 사랑을 확인했다.",["제인 에어"],380
569,소설,이야기 재구성,중급,"캐서린은 히스클리프와의 사랑과 증오 사이에서 괴로워했다.",["폭풍의 언덕"],370
570,소설,이야기 재구성,중급,"헤스클리프는 무덤가에 서서 죽은 캐서린의 이름을 부르며 울부짖었다.",["폭풍의 언덕"],380
571,소설,이야기 재구성,중급,"백경은 광활한 바다에서 선원들을 위협하며 거대한 몸체를 드러냈다.",["모비 딕"],390
572,소설,이야기 재구성,중급,"그레고르 잠자는 아침에 눈떠 보니 거대한 벌레로 변해 있었다.",["변신"],370
573,소설,이야기 재구성,중급,"단테는 지옥의 문 앞에서 ‘여기 들어오는 자, 모든 희망을 버리라’는 글귀를 읽었다.",["신곡"],390
574,소설,이야기 재구성,중급,"파우스트는 악마 메피스토펠레스와 계약하며 영혼을 내맡겼다.",["파우스트"],380
575,소설,이야기 재구성,중급,"돈 주앙은 화려한 연회장에서 자신의 방탕한 삶을 자랑했다.",["돈 주앙"],370
576,소설,이야기 재구성,중급,"피핀은 반지의 무게에 짓눌린 프로도를 바라보며 슬픔에 잠겼다.",["반지의 제왕"],380
577,소설,이야기 재구성,중급,"아서 왕은 엑스칼리버를 호수의 여인에게 돌려주며 운명을 받아들였다.",["아서왕 이야기"],390
578,소설,이야기 재구성,중급,"줄리엣은 무덤에서 잠에서 깨어나 독약을 마신 로미오를 보고 비탄에 잠겼다.",["로미오와 줄리엣"],370
579,소설,이야기 재구성,중급,"맥베스는 핏빛 환영 속에서 왕좌에 대한 집착과 공포에 사로잡혔다.",["맥베스"],380
580,소설,이야기 재구성,중급,"거지 소년은 우연히 왕자와 옷을 바꾸고 궁궐에 들어섰다.",["왕자와 거지"],360
581,소설,이야기 재구성,중급,"고아 소녀 제인은 혹독한 기숙학교에서 매서운 매를 맞았다.",["로우드 학교"],360
582,소설,이야기 재구성,중급,"레베카의 그림자는 맨덜리 저택의 벽마다 드리워져 새로운 안주인을 불안케 했다.",["레베카"],370
583,소설,이야기 재구성,중급,"피핀은 이방인과 함께 미궁 같은 수도원의 복도를 헤매었다.",["장미의 이름"],380
584,소설,이야기 재구성,중급,"빅토르 위고의 파리 노트르담 성당 종지기 콰지모도는 에스메랄다를 지키려 종루에 매달렸다.",["노트르담의 꼽추"],390
585,소설,이야기 재구성,중급,"파스칼은 무도회에서 낯선 여인을 만나 사랑에 빠졌다.",["체리 오르차드"],370
586,소설,이야기 재구성,중급,"니콜라이는 대저택의 불빛을 바라보며 농노들의 삶과 대비되는 허무를 느꼈다.",["아버지와 아들"],380
587,소설,이야기 재구성,중급,"크리스틴은 파리 오페라 극장에서 검은 망토의 팬텀에게 이끌렸다.",["오페라의 유령"],390
588,소설,이야기 재구성,중급,"라파엘은 유토피아 섬의 제도를 설명하며 진정한 행복에 대해 말했다.",["유토피아"],370
589,소설,이야기 재구성,중급,"카르멘은 담배공장에서 노래를 부르며 돈 호세를 유혹했다.",["카르멘"],380
590,소설,이야기 재구성,중급,"체호프의 무대 위, 세 자매는 모스크바로 돌아가고 싶다며 절망에 빠졌다.",["세 자매"],370
591,소설,이야기 재구성,중급,"리어 왕은 황야에서 폭풍우를 맞으며 배신당한 아버지의 비탄을 토로했다.",["리어 왕"],390
592,소설,이야기 재구성,중급,"볼콘스카야 공주는 사교계의 눈부신 샹들리에 아래에서 홀로 눈물을 훔쳤다.",["안나 파블로바의 회상"],360
593,소설,이야기 재구성,중급,"닥터 파우스트는 연금술의 연기에 둘러싸여 지식을 갈망했다.",["마를로의 파우스트 박사"],380
594,소설,이야기 재구성,중급,"모스크바의 거리에서 이반은 혁명의 함성을 들으며 두려움과 희망을 동시에 느꼈다.",["어머니"],390
595,소설,이야기 재구성,중급,"레프차코프는 얼어붙은 들판에서 홀로 말을 몰며 쓰러졌다.",["스텝"],370
596,소설,이야기 재구성,중급,"윌리엄은 신비한 고서 속에서 비밀의 언어를 해독했다.",["연금술사(중세 유럽 전승)"],380
597,소설,이야기 재구성,중급,"사냥꾼 아하브는 거대한 곰을 마주하며 인간의 나약함을 깨달았다.",["백곰 전설"],370
598,소설,이야기 재구성,중급,"스카팽은 주인의 돈주머니를 훔치며 교활한 미소를 지었다.",["스카팽의 간계"],360
599,소설,이야기 재구성,중급,"파리의 방랑 시인은 세느 강 다리 위에서 끝없는 가난과 허무를 읊었다.",["보헤미안들의 삶"],370
600,소설,이야기 재구성,중급,"메피스토펠레스는 연회장에서 귀족들을 현혹하며 인간의 허영을 드러냈다.",["트리스탄과 이졸데"],380
601,소설,이야기 재구성,중급,"허클베리 핀은 미시시피 강의 뗏목 위에서 짐과 함께 자유를 꿈꾸었다.",["허클베리 핀의 모험"],380
602,소설,이야기 재구성,중급,"톰 소여는 담장을 하얗게 칠하라고 친구들에게 교묘히 꾀어 일을 떠넘겼다.",["톰 소여의 모험"],360
603,소설,이야기 재구성,중급,"하얀 고래 모비 딕이 바다 위에 거대한 꼬리를 내리치며 나타났다.",["모비 딕"],390
604,소설,이야기 재구성,중급,"아서 딤즈데일 목사는 가슴의 비밀을 고백하며 무대 위에서 쓰러졌다.",["주홍글자"],380
605,소설,이야기 재구성,중급,"노예 엉클 톰은 잔혹한 채찍질 속에서도 성경을 붙잡고 기도했다.",["엉클 톰의 오두막"],370
606,소설,이야기 재구성,중급,"포의 까마귀는 흑단 문 위에 앉아 ‘Nevermore’를 반복하며 주인공을 괴롭혔다.",["더 레이븐"],360
607,소설,이야기 재구성,중급,"‘타르터스 클럽’에서 젊은이는 벽난로 옆에 앉아 황금벌레 이야기를 들었다.",["황금벌레"],370
608,소설,이야기 재구성,중급,"유령이 된 우셔 가의 저택은 균열이 벌어지며 서서히 무너져 내렸다.",["우셔가의 몰락"],380
609,소설,이야기 재구성,중급,"늑대개 화이트 팽은 눈 덮인 숲 속을 달리며 생존을 위해 싸웠다.",["화이트 팽"],370
610,소설,이야기 재구성,중급,"이방인은 알래스카 황무지에서 불을 지피다 얼어붙은 손가락으로 불씨를 놓쳤다.",["불을 지피다"],360
611,소설,이야기 재구성,중급,"나체로 달아나는 노예 엘리자는 얼어붙은 오하이오 강 위를 달리며 추격을 피했다.",["엉클 톰의 오두막"],380
612,소설,이야기 재구성,중급,"호손의 블리트데일 목장은 청년들과 이상주의자들의 실험이 무너지는 현장이었다.",["블리트데일 로맨스"],370
613,소설,이야기 재구성,중급,"호손의 ‘영원한 청년’ 실험에서 노인은 약을 마시고 젊음을 되찾았다.",["닥터 하이데거의 실험"],360
614,소설,이야기 재구성,중급,"페니모어 쿠퍼의 나티 범포는 깊은 숲 속에서 원주민과 사냥을 하며 지냈다.",["모히칸족의 최후"],380
615,소설,이야기 재구성,중급,"코라와 앨리스는 적들의 손에 잡혀 숲속을 끌려다녔다.",["모히칸족의 최후"],370
616,소설,이야기 재구성,중급,"개츠비는 초호화 저택에서 반짝이는 불빛 아래 끝없는 파티를 열었다.",["위대한 개츠비"],390
617,소설,이야기 재구성,중급,"데이지는 녹색 불빛 너머의 부두를 바라보며 개츠비를 떠올렸다.",["위대한 개츠비"],370
618,소설,이야기 재구성,중급,"홀덴 콜필드는 뉴욕의 밤거리를 헤매며 ‘가짜’ 세상을 혐오했다.",["호밀밭의 파수꾼"],360
619,소설,이야기 재구성,중급,"하클베리 핀은 친구 톰을 구하기 위해 위험한 모험에 뛰어들었다.",["허클베리 핀의 모험"],380
620,소설,이야기 재구성,중급,"에이해브 선장은 갑판에서 모비 딕을 향해 복수를 맹세했다.",["모비 딕"],390
621,소설,이야기 재구성,중급,"소년은 혹독한 겨울 속에서 불을 피우려 했으나 끝내 얼어 죽었다.",["불을 지피다"],360
622,소설,이야기 재구성,중급,"포의 ‘검은 고양이’는 벽 속에서 울부짖으며 주인의 범죄를 폭로했다.",["검은 고양이"],370
623,소설,이야기 재구성,중급,"‘도둑맞은 편지’에서 홈즈 같은 탐정 뒤퐁은 간단한 추리로 사건을 해결했다.",["도둑맞은 편지"],360
624,소설,이야기 재구성,중급,"스카렛 오하라는 타라 농장 앞에서 주먹을 쥐고 ‘내일은 내일의 태양이 떠오른다’라 다짐했다.",["바람과 함께 사라지다"],390
625,소설,이야기 재구성,중급,"애티커스 핀치는 법정에서 흑인 톰 로빈슨을 변호하며 정의를 호소했다.",["앵무새 죽이기"],390
626,소설,이야기 재구성,중급,"스카렛 오하라는 전쟁으로 불타버린 애틀랜타 거리를 마차로 달려 도망쳤다.",["바람과 함께 사라지다"],390
627,소설,이야기 재구성,중급,"바틀비는 모든 부탁에 ‘나는 하지 않는 편이 좋겠습니다’라 답했다.",["필경사 바틀비"],360
628,소설,이야기 재구성,중급,"에드나는 석양 바닷가에 홀로 서서 파도 속으로 천천히 걸어 들어갔다.",["각성"],370
629,소설,이야기 재구성,중급,"링컨의 암살 소식에 워싱턴 거리는 충격과 비탄에 잠겼다.",["린컨 전기적 소설"],360
630,소설,이야기 재구성,중급,"이사벨은 결혼과 자유 사이에서 갈등하며 창밖을 바라보았다.",["여인의 초상"],370
631,소설,이야기 재구성,중급,"뉴잉글랜드의 작은 마을에서 마녀 재판이 열리며 군중은 광기에 휩싸였다.",["크루서블"],390
632,소설,이야기 재구성,중급,"윌리 로먼은 무너져가는 세일즈맨의 삶을 마주하며 절망 속에 무대를 걸었다.",["세일즈맨의 죽음"],380
633,소설,이야기 재구성,중급,"홀든은 어린 동생의 빨간 글러브를 떠올리며 뉴욕 밤거리를 헤맸다.",["호밀밭의 파수꾼"],360
634,소설,이야기 재구성,중급,"콤슨 가문은 몰락의 그림자에 잠겨 저택은 황폐해졌다.",["음향과 분노"],390
635,소설,이야기 재구성,중급,"벤지는 철로를 따라가며 이름 모를 소리를 내뱉었다.",["음향과 분노"],360
636,소설,이야기 재구성,중급,"에밀리의 집에서는 오래된 방에서 신랑의 시체가 발견되었다.",["에밀리에게 바치는 장미"],380
637,소설,이야기 재구성,중급,"노인은 끝내 잡힌 거대한 청새치와 함께 바다에 떠 있었다.",["노인과 바다"],390
638,소설,이야기 재구성,중급,"산티아고는 사흘 밤낮 사투 끝에 청새치를 작살로 찔렀다.",["노인과 바다"],380
639,소설,이야기 재구성,중급,"눈보라 치는 거리에서 이민자는 고향의 기억을 떠올리며 걸음을 멈췄다.",["미국 속 러시아 이민 단편"],360
640,소설,이야기 재구성,중급,"가츠비는 데이지의 목소리에서 부를 상징하는 황금빛을 들었다.",["위대한 개츠비"],370
641,소설,이야기 재구성,중급,"이카보드 크레인은 머리 없는 기사에게 쫓겨 허겁지겁 달아났다.",["슬리피 할로우의 전설"],380
642,소설,이야기 재구성,중급,"리플 반 윙클은 산속에서 잠들어 20년 뒤 깨어났다.",["리플 반 윙클"],370
643,소설,이야기 재구성,중급,"스카웃은 법정 방청석에서 아버지의 변호를 숨죽이며 지켜봤다.",["앵무새 죽이기"],380
644,소설,이야기 재구성,중급,"자동차는 밤새 도로를 달렸고, 차 안에는 재즈 음악이 흘렀다.",["길 위에서"],360
645,소설,이야기 재구성,중급,"샐은 무전여행의 고단함 속에서 자유를 만끽했다.",["길 위에서"],360
646,소설,이야기 재구성,중급,"한 흑인 청년은 연단 위에서 열띤 연설을 시작했다.",["보이지 않는 인간"],390
647,소설,이야기 재구성,중급,"병상에 누운 노인은 과거를 떠올리며 쓸쓸히 눈을 감았다.",["어리석은 죽음"],360
648,소설,이야기 재구성,중급,"비거 토머스는 두려움 속에 살인을 저질렀다.",["네이티브 선"],380
649,소설,이야기 재구성,중급,"세서의 집 앞에 정체 모를 젊은 여인이 나타났다.",["빌러비드"],380
650,소설,이야기 재구성,중급,"허클베리는 미시시피 강가에서 또다시 방황을 시작했다.",["허클베리 핀의 모험"],370
651,소설,이야기 재구성,중급,"빛나는 공작이 밤하늘에 나타나자 궁중의 여인들은 숨을 죽였다.",["겐지 이야기"],380
652,소설,이야기 재구성,중급,"히카루 겐지는 가녀린 부인의 비단 소매를 붙잡고 애절히 속삭였다.",["겐지 이야기"],370
653,소설,이야기 재구성,중급,"마을 아낙네들은 강가에서 빨래를 하며 오노노 고마치의 시구를 읊조렸다.",["고금와카집"],360
654,소설,이야기 재구성,중급,"젊은 사무라이가 바람 부는 언덕 위에서 검을 뽑아 들었다.",["헤이케 이야기"],380
655,소설,이야기 재구성,중급,"평가문은 절벽 위에서 바다를 바라보며 무너져가는 집안을 한탄했다.",["헤이케 이야기"],370
656,소설,이야기 재구성,중급,"늙은 승려는 목탁을 치며 ‘제행무상’의 소리를 읊조렸다.",["헤이케 이야기"],360
657,소설,이야기 재구성,중급,"슬픔에 잠긴 소녀는 연꽃이 핀 연못에 몸을 던졌다.",["우게쓰 이야기"],380
658,소설,이야기 재구성,중급,"밤 안개 속에서 요괴가 사람의 그림자를 따라왔다.",["우게쓰 이야기"],370
659,소설,이야기 재구성,중급,"눈 덮인 산길에서 떠돌이 스님은 길 잃은 사냥꾼을 맞이했다.",["우게쓰 이야기"],360
660,소설,이야기 재구성,중급,"농부는 달빛 아래에서 벼이삭을 쓰다듬으며 신에게 기도를 올렸다.",["일본 전래담"],370
661,소설,이야기 재구성,중급,"물방아 도는 소리에 섞여 아이들의 웃음소리가 들려왔다.",["일본 전래담"],350
662,소설,이야기 재구성,중급,"작은 여우는 낡은 신사 앞에서 하얀 꼬리를 흔들며 사라졌다.",["일본 전래담"],360
663,소설,이야기 재구성,중급,"어부는 바다 깊은 곳에서 용궁의 찬란한 궁궐을 보았다.",["우라시마 타로"],380
664,소설,이야기 재구성,중급,"상자 뚜껑이 열리자 흰 연기가 피어오르며 청년의 얼굴에 세월이 내려앉았다.",["우라시마 타로"],370
665,소설,이야기 재구성,중급,"대나무를 쪼개자 찬란히 빛나는 작은 공주가 나타났다.",["다케토리 모노가타리"],380
666,소설,이야기 재구성,중급,"가구야 공주는 눈물로 달을 바라보며 하늘의 사자를 맞이했다.",["다케토리 모노가타리"],370
667,소설,이야기 재구성,중급,"학은 노인의 은혜에 보답하고자 흰 날개옷을 벗고 짐을 날랐다.",["학의 보은"],360
668,소설,이야기 재구성,중급,"원님은 어리석은 농부의 재치 있는 대답에 웃음을 터뜨렸다.",["일본 전래담"],350
669,소설,이야기 재구성,중급,"소녀는 눈보라 속에서 얼어붙은 발로 꽃을 팔았다.",["일본 설화"],370
670,소설,이야기 재구성,중급,"사무라이 무리는 무너진 성터 위에 깃발을 꽂았다.",["헤이케 이야기"],380
671,소설,이야기 재구성,중급,"무사는 패배를 깨닫고 달빛 아래에서 검을 거두었다.",["헤이케 이야기"],360
672,소설,이야기 재구성,중급,"산속 초막에서 늙은 부부는 주먹밥을 반으로 나누어 먹었다.",["일본 민화"],350
673,소설,이야기 재구성,중급,"원숭이는 복숭아를 훔쳐 먹다 하늘의 벌을 받았다.",["모모타로"],360
674,소설,이야기 재구성,중급,"모모타로는 개, 원숭이, 꿩과 함께 도깨비 섬을 향해 나아갔다.",["모모타로"],370
675,소설,이야기 재구성,중급,"승려는 다다미 방에서 먹을 갈며 한시를 지었다.",["일본 고전 수필"],350
676,소설,이야기 재구성,중급,"고양이는 주인 집 사랑방에 앉아 인간들의 이야기를 묵묵히 들었다.",["나는 고양이로소이다"],370
677,소설,이야기 재구성,중급,"선생님은 바닷가 절벽 위에서 조용히 파도를 바라보았다.",["마음"],380
678,소설,이야기 재구성,중급,"도련님은 학생들에게 놀림을 받으면서도 억세게 버텼다.",["도련님"],360
679,소설,이야기 재구성,중급,"선생님은 벚꽃 흩날리는 교정에서 홀로 고독을 느꼈다.",["마음"],370
680,소설,이야기 재구성,중급,"병상에 누운 주인공은 서양 의학의 차가운 도구들을 낯설게 바라보았다.",["무희"],360
681,소설,이야기 재구성,중급,"춤추는 여인은 무대 위에서 일본과 서양의 세계 사이에서 갈등했다.",["무희"],370
682,소설,이야기 재구성,중급,"라쇼몽의 문 밑에서 하급 사무관은 비를 피하며 방황했다.",["라쇼몽"],380
683,소설,이야기 재구성,중급,"노파는 어둠 속에서 시체의 머리카락을 뽑아내고 있었다.",["라쇼몽"],360
684,소설,이야기 재구성,중급,"승려와 나그네는 오래된 불당에서 부처의 목소리를 들었다.",["지옥변"],370
685,소설,이야기 재구성,중급,"화공은 불타는 마차 속의 비명을 그리기 위해 광기에 잠겼다.",["지옥변"],380
686,소설,이야기 재구성,중급,"소년은 친구의 거짓말을 눈치채고도 모른 척 고개를 끄덕였다.",["오성"],350
687,소설,이야기 재구성,중급,"작은 방에서 원고지를 마주한 청년은 문득 삶의 공허를 느꼈다.",["안주"],360
688,소설,이야기 재구성,중급,"강 위에 걸린 다리 위에서 주인공은 자살을 결심했다.",["어느 작은 사건"],370
689,소설,이야기 재구성,중급,"사무라이 무리는 장례 행렬을 지켜보며 생의 덧없음을 중얼거렸다.",["죽음의 집"],360
690,소설,이야기 재구성,중급,"늙은 어부는 어린 시절의 바다를 떠올리며 그물에 손을 얹었다.",["안개의 강"],360
691,소설,이야기 재구성,중급,"도시의 서재 안에서 청년은 서양식 가구 사이에 고독하게 앉아 있었다.",["한 사람과 두 사람"],370
692,소설,이야기 재구성,중급,"연인은 전차 창밖의 풍경을 보며 서로 다른 미래를 꿈꾸었다.",["춘일소품"],360
693,소설,이야기 재구성,중급,"젊은 군인은 전쟁터에서 동료의 죽음을 목격하며 침묵했다.",["무희"],380
694,소설,이야기 재구성,중급,"작은 주점 안, 술에 취한 문인은 세상과 타협하지 못한 채 시를 읊조렸다.",["한 사람과 두 사람"],370
695,소설,이야기 재구성,중급,"소년은 눈 덮인 마을을 홀로 걸으며 발자국 소리에 귀를 기울였다.",["시골 길에서"],360
696,소설,이야기 재구성,중급,"수업을 마친 도련님은 교실 창밖으로 노을빛을 바라보았다.",["도련님"],370
697,소설,이야기 재구성,중급,"선생님은 마지막 편지를 쓰고 책상 위에 엎드렸다.",["마음"],390
698,소설,이야기 재구성,중급,"승려는 거대한 불화 앞에서 인간의 욕망을 설파했다.",["지옥변"],370
699,소설,이야기 재구성,중급,"나는 고양이로소이다의 고양이는 인간들의 허세를 비웃듯 하품을 했다.",["나는 고양이로소이다"],360
700,소설,이야기 재구성,중급,"청년은 라쇼몽의 황폐한 문을 떠나며 끝없는 비를 맞았다.",["라쇼몽"],370
701,소설,이야기 재구성,중급,"적벽의 불길은 강을 붉게 물들이며 수많은 전선을 삼켰다.",["삼국지연의"],390
702,소설,이야기 재구성,중급,"제갈량은 공명을 울리며 바람을 불러 세를 뒤집었다.",["삼국지연의"],380
703,소설,이야기 재구성,중급,"관우는 칼을 빼들고 백마를 탄 채 적진을 돌파했다.",["삼국지연의"],370
704,소설,이야기 재구성,중급,"송강은 눈물 속에서 하늘을 향해 의를 맹세했다.",["수호전"],360
705,소설,이야기 재구성,중급,"양산박의 의적들은 산채에 모여 술잔을 부딪쳤다.",["수호전"],370
706,소설,이야기 재구성,중급,"호걸 무송은 주막에서 호랑이를 맨손으로 쓰러뜨렸다.",["수호전"],380
707,소설,이야기 재구성,중급,"손오공은 여의봉을 휘둘러 천궁을 휩쓸었다.",["서유기"],390
708,소설,이야기 재구성,중급,"삼장은 백마에 올라 불경을 품고 서역으로 향했다.",["서유기"],370
709,소설,이야기 재구성,중급,"저팔계는 탐욕스럽게 음식을 삼키며 웃음을 터뜨렸다.",["서유기"],360
710,소설,이야기 재구성,중급,"임대옥은 붉은 누각에서 거문고를 타며 시를 읊었다.",["홍루몽"],380
711,소설,이야기 재구성,중급,"보옥은 보옥석을 손에 쥔 채 대관원의 꿈결을 헤맸다.",["홍루몽"],390
712,소설,이야기 재구성,중급,"채경은 은밀히 거울을 들여다보며 눈물을 흘렸다.",["홍루몽"],370
713,소설,이야기 재구성,중급,"서문경은 호화로운 연회에서 권세를 뽐냈다.",["금병매"],380
714,소설,이야기 재구성,중급,"판금련은 몰래 독을 섞으며 미소를 지었다.",["금병매"],370
715,소설,이야기 재구성,중급,"방금은 술기운에 휘둘려 노래를 불렀다.",["금병매"],360
716,소설,이야기 재구성,중급,"대우는 신비한 신녀에게 길몽을 전해 들었다.",["봉신연의"],380
717,소설,이야기 재구성,중급,"강자아는 무리를 이끌고 신마를 불러냈다.",["봉신연의"],370
718,소설,이야기 재구성,중급,"여우 정령은 고운 여인의 모습으로 나타나 청년을 유혹했다.",["요재지이"],360
719,소설,이야기 재구성,중급,"학은 달빛 아래서 날개를 펼치며 불가사의한 춤을 추었다.",["요재지이"],370
720,소설,이야기 재구성,중급,"유비는 초려 삼고 끝에 제갈량을 맞이했다.",["삼국지연의"],380
721,소설,이야기 재구성,중급,"장비는 장판교에서 창 하나로 적군을 가로막았다.",["삼국지연의"],390
722,소설,이야기 재구성,중급,"호걸 이규는 칼을 쥐고 부패한 관리의 집을 습격했다.",["수호전"],370
723,소설,이야기 재구성,중급,"손오공은 삼장의 몸을 지키려 화염산을 건넜다.",["서유기"],380
724,소설,이야기 재구성,중급,"보옥은 대관원의 연못가에서 시를 읊는 여인들과 함께했다.",["홍루몽"],360
725,소설,이야기 재구성,중급,"저팔계는 게으름을 피우다 삼장의 꾸지람을 받았다.",["서유기"],350
726,소설,이야기 재구성,중급,"전국의 제후들이 회맹에 모여 서로 술잔을 부딪쳤다.",["열국지"],370
727,소설,이야기 재구성,중급,"소진은 계책을 내어 여섯 나라를 합종하게 했다.",["열국지"],380
728,소설,이야기 재구성,중급,"상앙은 법을 개혁하며 백성들을 강제로 옮겨 살게 했다.",["동주열국지"],360
729,소설,이야기 재구성,중급,"굴원은 멱라강가에 홀로 서서 시를 읊조리며 눈물을 흘렸다.",["이소 전설"],380
730,소설,이야기 재구성,중급,"한비자는 차가운 옥에 갇혀도 끝내 법가의 원칙을 굽히지 않았다.",["전국 이야기"],370
731,소설,이야기 재구성,중급,"진시황은 만리장성 위에 올라 천하를 굽어보았다.",["진시황 본기 설화"],390
732,소설,이야기 재구성,중급,"몽염은 북방에 성곽을 쌓으며 흙먼지 속에서 눈을 가늘게 떴다.",["진나라 설화"],370
733,소설,이야기 재구성,중급,"항우는 우미인을 껴안고 강동에서 마지막 잔을 들었다.",["초한지"],390
734,소설,이야기 재구성,중급,"유방은 한중의 산길을 넘어 장수들을 독려했다.",["초한지"],370
735,소설,이야기 재구성,중급,"한무제는 태일신을 제사하며 하늘에 재물을 바쳤다.",["한나라 전기"],380
736,소설,이야기 재구성,중급,"사마천은 옥중에서 붓을 들고 사기를 기록했다.",["사기 전설"],390
737,소설,이야기 재구성,중급,"장건은 서역으로 가는 길에 모래폭풍을 맞았다.",["대당서역기 설화"],370
738,소설,이야기 재구성,중급,"현무문 앞에서 태종은 활을 겨누며 결전을 준비했다.",["당태종 야사"],380
739,소설,이야기 재구성,중급,"측천무후는 황금빛 용좌에 앉아 조정을 굽어보았다.",["측천무후 야사"],370
740,소설,이야기 재구성,중급,"백사 여인은 뇌봉탑 아래 갇혀 눈물을 흘렸다.",["백사전"],380
741,소설,이야기 재구성,중급,"서생은 달빛 아래서 여우 정령과 시를 주고받았다.",["요재지이"],370
742,소설,이야기 재구성,중급,"강시가 들판을 뛰어다니자 도사가 부적을 붙여 제압했다.",["전등신화"],360
743,소설,이야기 재구성,중급,"잠자는 호랑이는 돌연 일어나 사냥꾼을 덮쳤다.",["중국 민간 설화"],350
744,소설,이야기 재구성,중급,"농부는 천상에서 떨어진 옥토끼를 보고 놀라워했다.",["중국 민간 설화"],360
745,소설,이야기 재구성,중급,"달빛 속의 선녀는 옥황의 명을 거슬러 인간과 사랑을 맺었다.",["선녀와 나무꾼 전설"],380
746,소설,이야기 재구성,중급,"용왕은 강을 가로막은 제방을 부수라 명했다.",["중국 민간 설화"],370
747,소설,이야기 재구성,중급,"문인은 매화를 바라보며 흰 종이에 시 한 수를 적었다.",["중국 고전 시화"],350
748,소설,이야기 재구성,중급,"태공망은 낚싯대를 드리우고 강가에서 천명을 기다렸다.",["봉신연의"],380
749,소설,이야기 재구성,중급,"여포는 적토마를 타고 창을 휘두르며 전장을 휩쓸었다.",["삼국지연의"],390
750,소설,이야기 재구성,중급,"강태공은 제나라의 재상이 되어 새 질서를 세웠다.",["봉신연의"],370
751,소설,이야기 재구성,중급,"오디세우스는 외눈 거인을 속이기 위해 ‘아무도 아니다’라고 이름을 밝혔다.",["오디세이아"],380
752,소설,이야기 재구성,중급,"트로이 전쟁에서 아킬레우스는 전우의 죽음을 슬퍼하며 전차를 몰았다.",["일리아드"],390
753,소설,이야기 재구성,중급,"안티고네는 왕의 명을 거슬러 오라버니의 시신에 흙을 덮어주었다.",["안티고네"],370
754,소설,이야기 재구성,중급,"에디푸스는 진실을 깨닫고 자신의 두 눈을 찔러 멀게 되었다.",["오이디푸스 왕"],380
755,소설,이야기 재구성,중급,"피그미들은 해변에서 조개껍데기를 불어 모임을 시작했다.",["파리 대왕"],360
756,소설,이야기 재구성,중급,"소년들은 불길 앞에서 서로의 적의를 드러내며 칼날을 세웠다.",["파리 대왕"],370
757,소설,이야기 재구성,중급,"농장 동물들은 ‘모든 동물은 평등하다’는 구호를 외쳤다.",["동물농장"],360
758,소설,이야기 재구성,중급,"돼지들은 헛간 벽에 새로운 규칙을 써넣었다.",["동물농장"],350
759,소설,이야기 재구성,중급,"윈스턴은 텔레스크린 앞에서 ‘2분 증오’의 구호에 휘말렸다.",["1984"],380
760,소설,이야기 재구성,중급,"줄리아와 윈스턴은 은밀히 방을 빌려 서로의 사랑을 확인했다.",["1984"],370
761,소설,이야기 재구성,중급,"왕룽은 황무지에 손으로 첫 삽을 내리꽂았다.",["대지"],380
762,소설,이야기 재구성,중급,"기근 속에서도 그는 땅을 버리지 않겠다 맹세했다.",["대지"],370
763,소설,이야기 재구성,중급,"안네는 다락방 창문 너머 하늘을 바라보며 희망을 적어 내려갔다.",["안네의 일기"],380
764,소설,이야기 재구성,중급,"종루 꼭대기에서 콰지모도는 종을 치며 고통스러운 함성을 내질렀다.",["노틀담의 꼽추"],390
765,소설,이야기 재구성,중급,"에스메랄다는 광장에서 교수대에 오르며 군중의 시선을 받았다.",["노틀담의 꼽추"],380
766,소설,이야기 재구성,중급,"데카메론 속 젊은이들은 전염병을 피해 시골 저택에 모였다.",["데카메론"],370
767,소설,이야기 재구성,중급,"젊은이들은 번갈아가며 사랑과 교훈의 이야기를 들려주었다.",["데카메론"],360
768,소설,이야기 재구성,중급,"단테는 연옥산의 초입에서 베르길리우스와 다시 길을 올랐다.",["신곡"],390
769,소설,이야기 재구성,중급,"파우스트는 아름다운 그레첸을 만나고 열정에 사로잡혔다.",["파우스트"],380
770,소설,이야기 재구성,중급,"로빈슨 크루소는 무인도 해변에 혼자 내던져졌다.",["로빈슨 크루소"],370
771,소설,이야기 재구성,중급,"크루소는 금빛 모래사장에서 처음으로 발자국 하나를 발견했다.",["로빈슨 크루소"],380
772,소설,이야기 재구성,중급,"걸리버는 거대한 리릴리퍼트 사람들의 밧줄에 묶여 깨어났다.",["걸리버 여행기"],380
773,소설,이야기 재구성,중급,"리릴리퍼트 군대는 바다를 건너 적국의 배를 끌고 왔다.",["걸리버 여행기"],370
774,소설,이야기 재구성,중급,"돈 주앙은 지옥의 불길 속으로 끌려갔다.",["돈 주앙의 최후"],370
775,소설,이야기 재구성,중급,"프로메테우스는 바위에 묶여 독수리에게 간을 쪼아 먹혔다.",["그리스 신화"],390
776,소설,이야기 재구성,중급,"그레고르는 잠에서 깨어난 뒤 거대한 벌레의 다리를 허우적거렸다.",["변신"],370
777,소설,이야기 재구성,중급,"라스콜리니코프는 노파의 방에서 도끼를 내려쳤다.",["죄와 벌"],390
778,소설,이야기 재구성,중급,"스카를렛은 굶주림 속에서도 주먹을 움켜쥐고 ‘내일은 새로운 날’이라 다짐했다.",["바람과 함께 사라지다"],380
779,소설,이야기 재구성,중급,"도리안은 초상화 속 흉측하게 늙어가는 자신의 모습을 바라보았다.",["도리안 그레이의 초상"],380
780,소설,이야기 재구성,중급,"프랑켄슈타인의 피조물은 얼음 위에서 창조주에게 분노를 토했다.",["프랑켄슈타인"],370
781,소설,이야기 재구성,중급,"지킬 박사는 약을 마시고 괴물 하이드로 변모했다.",["지킬 박사와 하이드"],380
782,소설,이야기 재구성,중급,"바스티유 감옥의 포로는 성문이 무너질 때 환호하는 군중을 들었다.",["두 도시 이야기"],390
783,소설,이야기 재구성,중급,"시드니 칼튼은 단두대 앞에서 평온히 마지막 미소를 지었다.",["두 도시 이야기"],380
784,소설,이야기 재구성,중급,"장발장은 빵을 훔치다 체포되어 쇠사슬에 묶였다.",["레 미제라블"],390
785,소설,이야기 재구성,중급,"가브로슈는 바리케이드 위에서 총알 세례 속에 노래를 불렀다.",["레 미제라블"],370
786,소설,이야기 재구성,중급,"이반 카라마조프는 법정에서 신과 정의에 대해 절규했다.",["카라마조프가의 형제들"],390
787,소설,이야기 재구성,중급,"알료샤는 교회 마당에서 아이들에게 둘러싸여 따뜻한 미소를 보냈다.",["카라마조프가의 형제들"],370
788,소설,이야기 재구성,중급,"안나 카레니나는 기차역 플랫폼에서 눈을 감았다.",["안나 카레니나"],380
789,소설,이야기 재구성,중급,"피에르는 모스크바의 불타는 거리 속을 헤매며 혼란에 빠졌다.",["전쟁과 평화"],390
790,소설,이야기 재구성,중급,"그레고르는 어머니의 비명 속에 사라져갔다.",["변신"],360
791,소설,이야기 재구성,중급,"호밀밭 언덕에서 홀든은 아이들을 지켜주려는 자신의 역할을 상상했다.",["호밀밭의 파수꾼"],370
792,소설,이야기 재구성,중급,"개츠비는 푸른 잔디밭 끝에서 녹색 불빛을 바라보았다.",["위대한 개츠비"],380
793,소설,이야기 재구성,중급,"율리시스의 블룸은 더블린 거리를 거닐며 내면의 독백에 잠겼다.",["율리시스"],390
794,소설,이야기 재구성,중급,"몰리 블룸은 침대 위에서 끝없는 독백을 이어갔다.",["율리시스"],370
795,소설,이야기 재구성,중급,"카프카의 재판 속 주인공 요제프 K는 법정의 문 앞에서 멈추었다.",["재판"],380
796,소설,이야기 재구성,중급,"돈 주앙은 연회장에서 마지막 잔을 들고 지옥의 불길 속으로 끌려갔다.",["돈 주앙"],370
797,소설,이야기 재구성,중급,"단테는 지옥 문 앞에서 ‘이곳에 들어오는 자, 희망을 버리라’는 글귀를 읽었다.",["신곡"],390
798,소설,이야기 재구성,중급,"판타지 마을의 아이는 황금 방패를 쥔 영웅을 맞이했다.",["니벨룽겐의 노래"],360
799,소설,이야기 재구성,중급,"지그프리트는 용의 피에 젖어 무적의 몸을 얻었다.",["니벨룽겐의 노래"],380
800,소설,이야기 재구성,중급,"돈키호테는 말라버린 말을 타고 먼 길을 떠났다.",["돈키호테"],370
801,소설,이야기 재구성,중급,"마콘도 마을에 비가 내리기 시작하더니 멈추지 않고 수년 동안 이어졌다.",["백년 동안의 고독"],390
802,소설,이야기 재구성,중급,"호세 아르카디오 부엔디아는 얼음을 만지고 경이로움에 눈을 떴다.",["백년 동안의 고독"],370
803,소설,이야기 재구성,중급,"콜론비아의 작은 마을 광장에 총성이 울려 퍼졌다.",["콜레라 시대의 사랑"],360
804,소설,이야기 재구성,중급,"플로렌티노는 선박 갑판에서 파도 위로 사랑을 다시 맹세했다.",["콜레라 시대의 사랑"],370
805,소설,이야기 재구성,중급,"살만 루슈디의 이야기 속에서 신비한 아이들은 서로의 마음속 목소리를 들었다.",["한밤의 아이들"],380
806,소설,이야기 재구성,중급,"이슬람 성당의 금빛 돔 아래서 어린 주인공은 자신의 운명을 깨달았다.",["한밤의 아이들"],370
807,소설,이야기 재구성,중급,"카프카 해변의 도서관에 고양이가 나타나 말을 걸었다.",["카프카 해변에서"],360
808,소설,이야기 재구성,중급,"소년은 비 내리는 버스 정류장에서 음악을 들으며 운명을 기다렸다.",["노르웨이의 숲"],370
809,소설,이야기 재구성,중급,"물라토는 들판에서 가족을 지키기 위해 총을 들었다.",["뿌리"],360
810,소설,이야기 재구성,중급,"쿠타쿠의 노예선은 아프리카 해안에서 떠나며 비명을 가득 실었다.",["뿌리"],390
811,소설,이야기 재구성,중급,"오콩코는 마을 모임에서 창을 들고 전통을 지키려 했다.",["모든 것이 무너진다"],380
812,소설,이야기 재구성,중급,"백인 관리가 도착하자 부족의 장로들은 침묵 속에 서로 눈빛을 나누었다.",["모든 것이 무너진다"],370
813,소설,이야기 재구성,중급,"사막의 카라반은 끝없는 모래 언덕 위로 이어졌다.",["천일야화"],360
814,소설,이야기 재구성,중급,"세헤라자드는 칼리프 앞에서 목숨을 구하기 위해 이야기를 시작했다.",["천일야화"],380
815,소설,이야기 재구성,중급,"왕자 시드하는 궁궐을 떠나 고행의 길로 들어섰다.",["불전 설화"],370
816,소설,이야기 재구성,중급,"보드나가는 강가에서 연꽃 위에 앉은 부처를 향해 기도했다.",["불전 설화"],360
817,소설,이야기 재구성,중급,"라마는 전차에 올라 라바나의 군대를 향해 활을 당겼다.",["라마야나"],390
818,소설,이야기 재구성,중급,"하누만은 원숭이 군대를 이끌고 바다를 건너 성으로 향했다.",["라마야나"],380
819,소설,이야기 재구성,중급,"아르주나는 전쟁터에서 전차 위 크리슈나에게 망설임을 털어놓았다.",["마하바라타"],390
820,소설,이야기 재구성,중급,"크리슈나는 미소를 띠며 전쟁과 삶의 도리를 설파했다.",["마하바라타"],380
821,소설,이야기 재구성,중급,"에스테반은 바닷가 마을에 밀려온 거대한 시체를 바라보았다.",["아무도 대령에게 편지하지 않다"],360
822,소설,이야기 재구성,중급,"거대한 시체를 마을 사람들이 장례 치르며 눈물을 흘렸다.",["아무도 대령에게 편지하지 않다"],370
823,소설,이야기 재구성,중급,"쿠바 혁명의 총성이 아바나의 거리를 울렸다.",["체 게바라 일기"],360
824,소설,이야기 재구성,중급,"젊은 병사는 정글 속에서 혁명의 노래를 불렀다.",["체 게바라 일기"],350
825,소설,이야기 재구성,중급,"사막의 한 수도사는 고독 속에서 별빛을 바라보았다.",["알키미스트"],370
826,소설,이야기 재구성,중급,"그레고르가 변신한 방 안, 가족들은 문밖에서 울부짖었다.",["변신"],370
827,소설,이야기 재구성,중급,"윈스턴은 책상 서랍에서 은밀한 일기장을 꺼냈다.",["1984"],360
828,소설,이야기 재구성,중급,"빅 브라더의 얼굴이 텔레스크린 가득 비쳤다.",["1984"],370
829,소설,이야기 재구성,중급,"줄리엣은 잠든 로미오의 얼굴을 어루만지며 눈물을 흘렸다.",["로미오와 줄리엣"],380
830,소설,이야기 재구성,중급,"맥베스는 핏빛 환영을 보고 비틀거리며 왕좌를 갈망했다.",["맥베스"],370
831,소설,이야기 재구성,중급,"리어 왕은 황야에서 폭풍우 속에 몸을 떨며 광기를 내뿜었다.",["리어 왕"],390
832,소설,이야기 재구성,중급,"햄릿은 손에 쥔 해골을 바라보며 허무를 읊조렸다.",["햄릿"],380
833,소설,이야기 재구성,중급,"이반은 황무지의 법정에서 재판관들의 비웃음을 들었다.",["재판"],360
834,소설,이야기 재구성,중급,"요제프 K는 성문 앞에 서서 끝내 들어가지 못했다.",["재판"],370
835,소설,이야기 재구성,중급,"스무 명의 소년들이 섬에서 조개껍데기를 불어 모임을 열었다.",["파리 대왕"],380
836,소설,이야기 재구성,중급,"소년들은 숲속에서 불을 피우다 산을 태웠다.",["파리 대왕"],370
837,소설,이야기 재구성,중급,"개츠비는 별빛 아래 정원에서 데이지의 이름을 속삭였다.",["위대한 개츠비"],380
838,소설,이야기 재구성,중급,"데이지는 눈물에 젖은 목소리로 과거를 부정했다.",["위대한 개츠비"],370
839,소설,이야기 재구성,중급,"올리버는 죽 한 그릇을 더 달라며 그릇을 내밀었다.",["올리버 트위스트"],360
840,소설,이야기 재구성,중급,"작은 도로시와 토토는 폭풍 속에서 집이 하늘로 날아가는 것을 보았다.",["오즈의 마법사"],380
841,소설,이야기 재구성,중급,"허수아비와 양철 나무꾼은 에메랄드 시티로 향하는 노란 벽돌길을 걸었다.",["오즈의 마법사"],370
842,소설,이야기 재구성,중급,"앨리스는 토끼굴로 떨어져 기묘한 세계에 발을 들였다.",["이상한 나라의 앨리스"],360
843,소설,이야기 재구성,중급,"하트의 여왕은 ‘목을 쳐라!’라 외쳤다.",["이상한 나라의 앨리스"],370
844,소설,이야기 재구성,중급,"셜록 홈즈는 파이프를 문 채 단서를 정리했다.",["셜록 홈즈의 모험"],360
845,소설,이야기 재구성,중급,"왓슨은 안락의자에 앉은 홈즈의 추리를 놀라워했다.",["셜록 홈즈의 모험"],350
846,소설,이야기 재구성,중급,"늙은 어부는 광대한 바다에서 청새치와 홀로 싸웠다.",["노인과 바다"],380
847,소설,이야기 재구성,중급,"새떼가 검은 하늘을 메우자 사람들은 비명을 지르며 달아났다.",["새"],360
848,소설,이야기 재구성,중급,"프랭켄슈타인의 괴물은 외로이 불빛을 바라보며 울부짖었다.",["프랑켄슈타인"],380
849,소설,이야기 재구성,중급,"드라큘라는 어둠의 성에서 하커에게 미소를 지었다.",["드라큘라"],370
850,소설,이야기 재구성,중급,"미나는 드라큘라의 피를 빨리며 점점 창백해졌다.",["드라큘라"],360
851,소설,이야기 재구성,중급,"피에르 상호는 항구의 안개 속에서 떠나는 배를 바라보았다.",["대지"],370
852,소설,이야기 재구성,중급,"에스테반은 바닷가 마을에 밀려온 거대한 시체를 바라보며 놀라워했다.",["가장 아름다운 익사체"],380
853,소설,이야기 재구성,중급,"마법에 걸린 현실 속에서 노파는 하늘을 날며 비를 부르는 주문을 외웠다.",["백년 동안의 고독"],390
854,소설,이야기 재구성,중급,"소녀는 사탕수수를 베며 끝없는 들판의 태양을 마주했다.",["사탕수수의 사람들"],360
855,소설,이야기 재구성,중급,"산티아고 나사르는 결혼식 날 새벽에 골목에서 습격당했다.",["예고된 죽음의 연대기"],380
856,소설,이야기 재구성,중급,"나무꾼은 사막의 별빛 아래 물 없는 샘을 파헤쳤다.",["모래의 여자"],370
857,소설,이야기 재구성,중급,"남자는 모래 구덩이 속 집에서 여인과 함께 끝없는 노동에 갇혔다.",["모래의 여자"],380
858,소설,이야기 재구성,중급,"하루에키는 바닷가 마을의 쓰러진 신사를 고쳐 세웠다.",["파도소리"],360
859,소설,이야기 재구성,중급,"시골 소년은 물레방아 옆에서 여름 벌레 소리에 귀 기울였다.",["학의 이야기"],350
860,소설,이야기 재구성,중급,"흑인 소년은 미시시피 강가에서 자유의 노래를 불렀다.",["허클베리 핀의 모험"],370
861,소설,이야기 재구성,중급,"소녀는 거대한 파도에 휩쓸려 산호초 위에 쓰러졌다.",["인어공주"],360
862,소설,이야기 재구성,중급,"작은 성냥팔이 소녀는 얼어붙은 거리에서 불꽃 속 환영을 보았다.",["성냥팔이 소녀"],370
863,소설,이야기 재구성,중급,"소년은 무지개 물고기의 비늘을 갈망하며 바다를 헤엄쳤다.",["무지개 물고기"],350
864,소설,이야기 재구성,중급,"카프카의 성에 들어가지 못한 남자는 끝내 문의 문턱에 주저앉았다.",["성"],380
865,소설,이야기 재구성,중급,"소녀는 폭풍 속에 날아간 집과 함께 신비의 땅에 떨어졌다.",["오즈의 마법사"],370
866,소설,이야기 재구성,중급,"소년과 늙은 어부는 바다 위에서 청새치와 사투를 벌였다.",["노인과 바다"],380
867,소설,이야기 재구성,중급,"검은 새들이 하늘을 뒤덮자 마을 사람들은 공포에 휩싸였다.",["새"],370
868,소설,이야기 재구성,중급,"소년은 사막에서 연금술사를 만나 자신의 꿈을 묻었다.",["연금술사"],380
869,소설,이야기 재구성,중급,"한 사내는 보이지 않는 도시의 이름을 노트에 기록했다.",["보이지 않는 도시들"],370
870,소설,이야기 재구성,중급,"마르코 폴로는 쿠빌라이 칸에게 환상적인 도시들을 묘사했다.",["보이지 않는 도시들"],390
871,소설,이야기 재구성,중급,"소년은 작은 왕국의 장미와 함께 별을 바라보았다.",["어린 왕자"],370
872,소설,이야기 재구성,중급,"여우는 소년에게 길들여진다는 것의 의미를 가르쳤다.",["어린 왕자"],380
873,소설,이야기 재구성,중급,"별빛 가득한 우주에서 소년은 조용히 미소 지었다.",["어린 왕자"],360
874,소설,이야기 재구성,중급,"거대한 고래의 뱃속에서 소년은 어둠을 헤쳐 나왔다.",["피노키오"],370
875,소설,이야기 재구성,중급,"긴 코를 가진 나무 인형은 거짓말을 할 때마다 코가 길어졌다.",["피노키오"],360
876,소설,이야기 재구성,중급,"프로도는 반지를 손에 쥔 채 불타는 산의 절벽 끝에 섰다.",["반지의 제왕"],390
877,소설,이야기 재구성,중급,"간달프는 흰 수염을 휘날리며 발록에게 ‘너는 지나가지 못하리라!’라 외쳤다.",["반지의 제왕"],380
878,소설,이야기 재구성,중급,"아라곤은 검 안두릴을 높이 들어 전장을 달렸다.",["반지의 제왕"],370
879,소설,이야기 재구성,중급,"해리와 론, 헤르미온느는 호그와트 성의 긴 복도를 달려갔다.",["해리 포터"],370
880,소설,이야기 재구성,중급,"해리는 퀴디치 경기장에서 빗자루를 타고 공중을 가르며 날았다.",["해리 포터"],360
881,소설,이야기 재구성,중급,"덤블도어는 어둠의 마법사와 맞서 푸른 불꽃을 휘둘렀다.",["해리 포터"],380
882,소설,이야기 재구성,중급,"카타니스는 활시위를 당기며 불타는 경기장을 가로질렀다.",["헝거 게임"],380
883,소설,이야기 재구성,중급,"피타는 카타니스를 감싸며 독약 베리 열매를 손에 올렸다.",["헝거 게임"],360
884,소설,이야기 재구성,중급,"트리스는 시뮬레이션 속 환상과 싸우며 자신의 두려움을 극복했다.",["다이버전트"],370
885,소설,이야기 재구성,중급,"쟈니스는 무너진 도시에서 파벌 깃발을 바라보며 망설였다.",["다이버전트"],360
886,소설,이야기 재구성,중급,"토마스는 미로의 벽이 움직이는 소리를 들으며 탈출구를 찾았다.",["메이즈 러너"],380
887,소설,이야기 재구성,중급,"미노들은 거대한 미로 속 그림자에서 달려나왔다.",["메이즈 러너"],360
888,소설,이야기 재구성,중급,"리사벳은 거대한 용의 등에 올라 검을 치켜들었다.",["에라곤"],380
889,소설,이야기 재구성,중급,"푸른 용 사피라는 하늘을 가르며 불길을 내뿜었다.",["에라곤"],370
890,소설,이야기 재구성,중급,"에드워드는 달빛 아래서 반짝이는 흡혈귀의 피부를 드러냈다.",["트와일라잇"],360
891,소설,이야기 재구성,중급,"벨라는 숲속에서 늑대인간 제이콥과 마주쳤다.",["트와일라잇"],370
892,소설,이야기 재구성,중급,"윌은 해저의 검은 심연에서 저주받은 배를 보았다.",["캐리비안의 해적(소설판)"],370
893,소설,이야기 재구성,중급,"잭 스패로우는 흔들리는 갑판 위에서 검을 휘두르며 웃었다.",["캐리비안의 해적(소설판)"],360
894,소설,이야기 재구성,중급,"리처드 파커는 구명보트 끝에서 소년을 응시했다.",["파이 이야기"],380
895,소설,이야기 재구성,중급,"폭풍우 속에서 보트는 뒤집히고 호랑이는 포효했다.",["파이 이야기"],370
896,소설,이야기 재구성,중급,"로버트 랭던은 피라미드 모양의 유리 지붕 아래서 암호를 해독했다.",["다빈치 코드"],380
897,소설,이야기 재구성,중급,"수도사들은 비밀의 성당에서 숨겨진 상징을 발견했다.",["다빈치 코드"],370
898,소설,이야기 재구성,중급,"데시마는 붉은 행성의 모래 언덕 위에서 검을 높이 들었다.",["듄"],390
899,소설,이야기 재구성,중급,"거대한 샌드웜이 모래 속에서 솟구쳐 올라 모든 것을 집어삼켰다.",["듄"],380
900,소설,이야기 재구성,중급,"아틀란티스의 잔해 속에서 탐험가들은 푸른 빛나는 수정구를 찾았다.",["아틀란티스 전설(소설화)"],370
901,소설,이야기 재구성,중급,"백설공주는 독이 묻은 붉은 사과를 한입 베어 물고 쓰러졌다.",["백설공주"],380
902,소설,이야기 재구성,중급,"일곱 난쟁이는 산속 오두막에서 작은 식탁에 둘러앉았다.",["백설공주"],360
903,소설,이야기 재구성,중급,"신데렐라는 마법에 걸린 드레스를 입고 황금빛 마차에 올랐다.",["신데렐라"],380
904,소설,이야기 재구성,중급,"자정이 울리자 유리 구두를 남기고 계단을 달려 내려갔다.",["신데렐라"],370
905,소설,이야기 재구성,중급,"잠자는 공주는 가시에 찔려 깊은 잠에 빠졌다.",["잠자는 숲속의 공주"],360
906,소설,이야기 재구성,중급,"백 년의 시간이 흐른 뒤 왕자가 입맞춤으로 공주를 깨웠다.",["잠자는 숲속의 공주"],370
907,소설,이야기 재구성,중급,"인어공주는 거품 속에서 슬픔을 안고 바다로 사라졌다.",["인어공주"],380
908,소설,이야기 재구성,중급,"작은 성냥팔이 소녀는 추운 길에서 불꽃 속 환영을 바라봤다.",["성냥팔이 소녀"],360
909,소설,이야기 재구성,중급,"어린 소녀는 마법의 콩줄기를 타고 하늘 높이 올라갔다.",["잭과 콩나무"],370
910,소설,이야기 재구성,중급,"거인의 성에 들어선 소년은 황금 달걀을 낳는 거위를 발견했다.",["잭과 콩나무"],380
911,소설,이야기 재구성,중급,"빵 부스러기를 흘리며 숲속을 걷던 남매는 길을 잃었다.",["헨젤과 그레텔"],360
912,소설,이야기 재구성,중급,"마녀의 과자 집은 달콤한 초콜릿과 사탕으로 가득했다.",["헨젤과 그레텔"],370
913,소설,이야기 재구성,중급,"어머니 염소의 일곱 마리 새끼는 늑대에게 속아 집 안에 숨어들었다.",["늑대와 일곱 마리 아기 염소"],380
914,소설,이야기 재구성,중급,"빨간 모자를 쓴 소녀는 숲길에서 늑대를 만났다.",["빨간 모자"],360
915,소설,이야기 재구성,중급,"늑대는 할머니의 침대 위에서 소녀를 기다렸다.",["빨간 모자"],370
916,소설,이야기 재구성,중급,"황금빛 머리칼을 가진 라푼젤은 높은 탑 창문에서 머리카락을 늘어뜨렸다.",["라푼젤"],380
917,소설,이야기 재구성,중급,"왕자는 라푼젤의 머리카락을 잡고 탑을 기어올랐다.",["라푼젤"],370
918,소설,이야기 재구성,중급,"개구리는 공주의 황금 공을 연못에서 찾아주었다.",["개구리 왕자"],360
919,소설,이야기 재구성,중급,"공주는 개구리에게 입맞춤을 하자 왕자가 되었다.",["개구리 왕자"],370
920,소설,이야기 재구성,중급,"어부는 매일 그물을 던지다 황금 물고기를 잡았다.",["황금 물고기 이야기"],360
921,소설,이야기 재구성,중급,"욕심 많은 아내가 끝내 궁궐을 요구하자 바다는 다시 거칠게 소용돌이쳤다.",["황금 물고기 이야기"],380
922,소설,이야기 재구성,중급,"벌거벗은 임금님은 행렬 속에서 당당히 걸었으나 아이의 외침이 울려 퍼졌다.",["벌거벗은 임금님"],360
923,소설,이야기 재구성,중급,"백조가 된 공주들은 달빛 호수 위에서 춤을 추었다.",["백조의 호수 전설"],370
924,소설,이야기 재구성,중급,"소년은 신기한 피리 소리를 따라 숲 속으로 사라졌다.",["피리 부는 사나이"],360
925,소설,이야기 재구성,중급,"마을 아이들은 피리 소리에 홀려 언덕 너머로 사라졌다.",["피리 부는 사나이"],370
926,소설,이야기 재구성,중급,"산티아고는 홀로 바다 위에서 거대한 청새치와 사투를 벌였다.",["노인과 바다"],390
927,소설,이야기 재구성,중급,"소년은 노인의 빈손 귀환을 보며 눈물을 글썽였다.",["노인과 바다"],360
928,소설,이야기 재구성,중급,"가브리엘 가르시아 마르케스의 세계에서 마콘도 마을은 갑작스레 기적과 재앙을 동시에 맞았다.",["백년 동안의 고독"],380
929,소설,이야기 재구성,중급,"호세 아르카디오 부엔디아는 얼음을 만지고 경이로움에 사로잡혔다.",["백년 동안의 고독"],370
930,소설,이야기 재구성,중급,"마을 광장에서 울린 총성은 운명을 예고했다.",["예고된 죽음의 연대기"],360
931,소설,이야기 재구성,중급,"알베르 카뮈의 주인공은 태양 아래서 방아쇠를 당겼다.",["이방인"],380
932,소설,이야기 재구성,중급,"법정에서 그는 무심한 태도로 재판관의 질문에 답했다.",["이방인"],370
933,소설,이야기 재구성,중급,"시골 학교 교사는 교단에 서서 아이들의 웃음을 바라봤다.",["들풀 사이에서"],360
934,소설,이야기 재구성,중급,"소년은 들판을 뛰어다니며 자유의 의미를 느꼈다.",["들풀 사이에서"],350
935,소설,이야기 재구성,중급,"윌리엄 골딩의 소년들은 불타는 섬에서 서로를 향해 창을 들었다.",["파리 대왕"],380
936,소설,이야기 재구성,중급,"소년은 조개껍데기를 불어 무리를 모았다.",["파리 대왕"],370
937,소설,이야기 재구성,중급,"토니 모리슨의 세서는 집 앞에서 정체 모를 여인을 맞이했다.",["빌러비드"],380
938,소설,이야기 재구성,중급,"세서는 과거의 기억과 함께 무너져 내렸다.",["빌러비드"],360
939,소설,이야기 재구성,중급,"괴테의 파우스트는 연회장에서 악마와 계약을 맺었다.",["파우스트"],390
940,소설,이야기 재구성,중급,"메피스토펠레스는 인간의 허영을 시험했다.",["파우스트"],370
941,소설,이야기 재구성,중급,"토마스 만의 환자는 다보스 요양소 창가에서 설원을 바라보았다.",["마의 산"],380
942,소설,이야기 재구성,중급,"긴 대화 속에서 그는 삶과 죽음의 경계를 넘나들었다.",["마의 산"],370
943,소설,이야기 재구성,중급,"요제프 K는 재판정 앞에서 끝내 문을 통과하지 못했다.",["재판"],380
944,소설,이야기 재구성,중급,"카프카의 인물은 성의 문을 향해 걸었지만 결코 다다르지 못했다.",["성"],370
945,소설,이야기 재구성,중급,"윌리엄 포크너의 벤지는 철로 옆에서 의미 없는 소리를 내뱉었다.",["음향과 분노"],360
946,소설,이야기 재구성,중급,"콤슨 가문은 저택의 몰락 속에서 붕괴해 갔다.",["음향과 분노"],370
947,소설,이야기 재구성,중급,"나딘 고디머의 마을 사람들은 인종차별의 벽 앞에 침묵했다.",["7월의 사람들"],380
948,소설,이야기 재구성,중급,"한 흑인 소년은 총을 움켜쥔 채 두려움에 떨었다.",["7월의 사람들"],360
949,소설,이야기 재구성,중급,"오르한 파묵의 주인공은 이스탄불의 뒷골목에서 옛 그림을 바라보았다.",["내 이름은 빨강"],370
950,소설,이야기 재구성,중급,"붉은 안료 속에서 화가의 피가 스며 나왔다.",["내 이름은 빨강"],380
951,소설,이야기 재구성,중급,"스카우트는 법정 방청석에서 아버지의 변호를 숨죽이며 지켜봤다.",["앵무새 죽이기"],380
952,소설,이야기 재구성,중급,"홀든은 뉴욕 밤거리를 떠돌며 위선적인 세상을 혐오했다.",["호밀밭의 파수꾼"],360
953,소설,이야기 재구성,중급,"철로 위에 묶인 소녀는 달려오는 기차의 불빛을 보았다.",["위대한 기차 강도"],350
954,소설,이야기 재구성,중급,"소설 속 잭은 바다 위에 떠 있는 문에 매달린 연인을 바라봤다.",["타이타닉(소설판)"],370
955,소설,이야기 재구성,중급,"포레스트는 미국 전역을 달리며 사람들의 환호를 받았다.",["포레스트 검프"],380
956,소설,이야기 재구성,중급,"앤디는 교도소 담장을 기어올라 빗속에서 자유를 만끽했다.",["쇼생크 탈출"],390
957,소설,이야기 재구성,중급,"레드와 앤디는 카리브 해의 푸른 바다를 꿈꿨다.",["쇼생크 탈출"],370
958,소설,이야기 재구성,중급,"윌 헌팅은 교수의 방에서 수학 문제를 풀며 재능을 드러냈다.",["굿 윌 헌팅(소설판)"],360
959,소설,이야기 재구성,중급,"에드워드 루이스는 오페라 극장에서 비비안의 손을 잡았다.",["프리티 우먼(소설판)"],350
960,소설,이야기 재구성,중급,"윌슨은 초록 불빛 너머의 부두를 바라보았다.",["위대한 개츠비"],380
961,소설,이야기 재구성,중급,"레스터는 집 마당에서 종이봉투가 바람에 날리는 것을 바라보았다.",["아메리칸 뷰티(소설판)"],360
962,소설,이야기 재구성,중급,"링은 어둠 속에서 소년의 손가락에 빠르게 흘러들었다.",["반지의 제왕"],390
963,소설,이야기 재구성,중급,"간달프는 발록과 다리 위에서 맞섰다.",["반지의 제왕"],380
964,소설,이야기 재구성,중급,"해리는 호그와트 대강당에서 처음으로 마법사들과 함께 식탁에 앉았다.",["해리 포터와 마법사의 돌"],360
965,소설,이야기 재구성,중급,"해리의 이마에 번개 모양 흉터가 빛났다.",["해리 포터와 마법사의 돌"],370
966,소설,이야기 재구성,중급,"캣니스는 불타는 경기장 속에서 활시위를 당겼다.",["헝거 게임"],380
967,소설,이야기 재구성,중급,"청년은 황금빛 사막에서 연금술사와 마주했다.",["연금술사"],360
968,소설,이야기 재구성,중급,"리스벳은 눈 덮인 거리에서 어두운 진실을 추적했다.",["용의 문신을 한 소녀"],380
969,소설,이야기 재구성,중급,"미카엘은 지하실 벽에 남겨진 낡은 사진을 바라봤다.",["용의 문신을 한 소녀"],370
970,소설,이야기 재구성,중급,"윌 트레이너는 휠체어에 앉아 클라크의 손을 바라보았다.",["미 비포 유"],360
971,소설,이야기 재구성,중급,"클라크는 눈물로 가득한 미소로 마지막 인사를 건넸다.",["미 비포 유"],370
972,소설,이야기 재구성,중급,"제이슨 본은 어두운 골목에서 자신을 추적하는 요원을 쓰러뜨렸다.",["본 아이덴티티"],380
973,소설,이야기 재구성,중급,"본은 기억의 파편 속에서 바다 위를 떠올렸다.",["본 아이덴티티"],360
974,소설,이야기 재구성,중급,"카이저 소제가 그림자 속에서 담배를 피웠다.",["유주얼 서스펙트(소설판)"],370
975,소설,이야기 재구성,중급,"콥은 회전하는 팽이를 끝내 멈추지 않고 바라보았다.",["인셉션(소설판)"],390
976,소설,이야기 재구성,중급,"클라리세는 살인자의 숨결을 느끼며 어두운 지하실을 더듬었다.",["양들의 침묵"],380
977,소설,이야기 재구성,중급,"렉터 박사는 철창 너머에서 미소 지었다.",["양들의 침묵"],360
978,소설,이야기 재구성,중급,"노르망디 해안으로 상륙한 병사들은 총탄 속에서 쓰러졌다.",["라이언 일병 구하기(소설판)"],390
979,소설,이야기 재구성,중급,"밀러 대위는 포연 가득한 해안에서 지도를 펼쳤다.",["라이언 일병 구하기(소설판)"],370
980,소설,이야기 재구성,중급,"첩보원은 모스크바의 눈 내리는 광장에서 신호를 기다렸다.",["팅커 테일러 솔저 스파이"],360
981,소설,이야기 재구성,중급,"조지 스마일리는 회색 안경 너머로 배신자의 흔적을 쫓았다.",["팅커 테일러 솔저 스파이"],380
982,소설,이야기 재구성,중급,"햇살 속의 농장에서 흑인 청년은 억울하게 오해를 받았다.",["분노의 포도"],370
983,소설,이야기 재구성,중급,"조드는 황량한 길 위에서 가족의 손을 꼭 잡았다.",["분노의 포도"],380
984,소설,이야기 재구성,중급,"화산재가 뒤덮인 미래, 아버지와 아들은 끝없는 도로를 걸었다.",["더 로드"],390
985,소설,이야기 재구성,중급,"소년은 불빛을 지키려 두 손으로 불씨를 감쌌다.",["더 로드"],360
986,소설,이야기 재구성,중급,"소년은 황량한 경기장에서 황소를 바라보았다.",["태양은 다시 떠오른다"],370
987,소설,이야기 재구성,중급,"어니스트의 주인공은 파리에 앉아 와인 잔을 기울였다.",["태양은 다시 떠오른다"],360
988,소설,이야기 재구성,중급,"윌 헌팅은 교수실 칠판에 복잡한 수학식을 빠르게 풀어냈다.",["굿 윌 헌팅(소설판)"],370
989,소설,이야기 재구성,중급,"제이 개츠비는 초라한 방에서 데이지를 다시 만났다.",["위대한 개츠비"],380
990,소설,이야기 재구성,중급,"윌리엄은 수도원의 미로 같은 서고에서 금서의 단서를 찾았다.",["장미의 이름"],390
991,소설,이야기 재구성,중급,"서고에 불길이 치솟자 수도사들은 혼란 속에 도망쳤다.",["장미의 이름"],380
992,소설,이야기 재구성,중급,"첩보원 제임스 본드는 카지노 테이블 위에서 상대를 노려봤다.",["카지노 로얄"],370
993,소설,이야기 재구성,중급,"본드는 칵테일 잔을 들어 ‘내가 원하는 건 셰이큰, 노트 스터드’라 말했다.",["카지노 로얄"],360
994,소설,이야기 재구성,중급,"스카페이스는 어두운 뒷골목에서 피 묻은 총을 쥐고 있었다.",["스카페이스(소설판)"],370
995,소설,이야기 재구성,중급,"토니는 사치스러운 저택의 계단 위에서 포효했다.",["스카페이스(소설판)"],380
996,소설,이야기 재구성,중급,"토니 스타크는 황량한 동굴에서 첫 번째 철갑 슈트를 제작했다.",["아이언맨(소설판)"],370
997,소설,이야기 재구성,중급,"페기 카터는 전쟁터에서 방패를 든 청년을 지켜봤다.",["캡틴 아메리카(소설판)"],360
998,소설,이야기 재구성,중급,"브루스는 박쥐떼가 날아오르는 동굴 속에서 두려움을 극복했다.",["배트맨: 이어 원"],380
999,소설,이야기 재구성,중급,"조커는 어두운 방에서 광기의 웃음을 터뜨렸다.",["배트맨: 킬링 조크"],370
1000,소설,이야기 재구성,중급,"릭은 카사블랑카의 공항에서 이별의 잔을 들어 올렸다.",["카사블랑카(소설판)"],380
1001,소설,이야기 재구성,중급,"소녀는 하늘을 나는 빗자루에 올라 작은 도시 위를 날았다.",["마녀 배달부 키키"],370
1002,소설,이야기 재구성,중급,"키키는 까만 고양이 지지와 함께 초라한 방에 짐을 풀었다.",["마녀 배달부 키키"],360
1003,소설,이야기 재구성,중급,"소년은 숲속에서 커다란 로봇의 손을 발견했다.",["이웃집 토토로"],370
1004,소설,이야기 재구성,중급,"토토로는 버스 정류장에서 우산을 쓰고 서 있었다.",["이웃집 토토로"],360
1005,소설,이야기 재구성,중급,"소녀는 신비한 기차에 올라 황량한 들판을 달렸다.",["센과 치히로의 행방불명"],380
1006,소설,이야기 재구성,중급,"치히로는 강가에서 용의 모습을 한 하쿠와 마주쳤다.",["센과 치히로의 행방불명"],370
1007,소설,이야기 재구성,중급,"하울은 공중에 떠 있는 성의 발코니에서 소녀를 맞이했다.",["하울의 움직이는 성"],380
1008,소설,이야기 재구성,중급,"소피는 마법에 걸려 늙은 여인이 되어 성문을 두드렸다.",["하울의 움직이는 성"],370
1009,소설,이야기 재구성,중급,"파즈와 시타는 하늘의 섬에서 빛나는 돌을 맞잡았다.",["천공의 성 라퓨타"],380
1010,소설,이야기 재구성,중급,"하늘에서 떠오른 거대한 비행석이 폭발하며 빛을 쏟아냈다.",["천공의 성 라퓨타"],390
1011,소설,이야기 재구성,중급,"아시타카는 숲속에서 흰 늑대 위에 선 소녀를 바라봤다.",["모노노케 히메"],380
1012,소설,이야기 재구성,중급,"산은 피에 젖은 창을 들고 인간들의 요새를 향해 달렸다.",["모노노케 히메"],370
1013,소설,이야기 재구성,중급,"소년은 푸른 고양이형 로봇과 함께 미래로 가는 문을 열었다.",["도라에몽"],360
1014,소설,이야기 재구성,중급,"도라에몽은 네모난 주머니에서 대나무 헬리콥터를 꺼냈다.",["도라에몽"],350
1015,소설,이야기 재구성,중급,"소년은 카메라를 들고 시간을 되감아 사건의 진실을 추적했다.",["시간을 달리는 소녀"],370
1016,소설,이야기 재구성,중급,"소녀는 자전거 핸들을 잡은 채 하늘로 날아올랐다.",["시간을 달리는 소녀"],360
1017,소설,이야기 재구성,중급,"호타루는 여름밤 반딧불 속에서 소녀의 미소를 보았다.",["반딧불의 묘"],370
1018,소설,이야기 재구성,중급,"공습 사이렌 속에서 남매는 어두운 방공호에 몸을 웅크렸다.",["반딧불의 묘"],380
1019,소설,이야기 재구성,중급,"소년은 붉은 물고기를 따라 깊은 바다 속으로 헤엄쳤다.",["붉은 돼지"],360
1020,소설,이야기 재구성,중급,"비행기 조종사는 하늘 위에서 돼지 얼굴을 한 동료를 만났다.",["붉은 돼지"],370
1021,소설,이야기 재구성,중급,"소년은 가면을 쓴 괴도와 달빛 지붕 위에서 맞섰다.",["명탐정 코난(소설판)"],360
1022,소설,이야기 재구성,중급,"코난은 작은 몸으로 추리의 단서를 종이에 적었다.",["명탐정 코난(소설판)"],350
1023,소설,이야기 재구성,중급,"세일러 전사는 달빛 아래서 수정 지팡이를 들어 올렸다.",["세일러문(소설판)"],370
1024,소설,이야기 재구성,중급,"우사기는 친구들과 손을 맞잡고 어둠의 적을 향해 외쳤다.",["세일러문(소설판)"],360
1025,소설,이야기 재구성,중급,"소년은 포켓볼을 던져 전설의 새를 소환했다.",["포켓몬스터(소설판)"],370
